model;dataset;n_time_steps;MSE;RMSE;MAE;MAPE;sMAPE;Duration;Best Params
ARIMA;IBM Stock prices;2;325,5979483226752;18,044332858897143;14,453198876904466;12,654723797046431;6,89;44,57783436775208; ARIMA(1,0,1)(0,0,0)[12] intercept
ARIMA;IBM Stock prices;1;437,4720247427163;20,91583191610404;18,95917631319665;15,914406519898415;8,74;15,088876008987429; ARIMA(0,0,0)(0,0,0)[12] intercept
ARIMA;IBM Stock prices;3;439,0000112310561;20,95232710777149;18,98832824130301;15,937733119811758;8,75;23,39579439163208; ARIMA(0,0,0)(0,0,0)[12] intercept
ARIMA;IBM Stock prices;4;440,1030116746878;20,97863226415601;19,06382219629424;15,95812670173663;8,76;29,006713151931763; ARIMA(0,0,0)(0,0,0)[12] intercept
ARIMA;IBM Stock prices;5;441,26826601845465;21,00638631508177;19,13969570531178;15,980337395420907;8,78;34,67583465576172; ARIMA(0,0,0)(0,0,0)[12] intercept
ARIMA;IBM Stock prices;6;442,3457917550962;21,03201825206264;19,18271006028205;15,999848072334975;8,79;28,4622220993042; ARIMA(0,0,0)(0,0,0)[12] intercept
ARIMA;IBM Stock prices;7;443,2331029698294;21,053101979751805;19,224813150801825;16,014051184098534;8,8;36,749271631240845; ARIMA(0,0,0)(0,0,0)[12] intercept
ARIMA;IBM Stock prices;8;443,9858506761362;21,070971754433543;19,26193002885305;16,024808163115033;8,8;41,863401651382446; ARIMA(0,0,0)(0,0,0)[12] intercept
ARIMA;IBM Stock prices;13;445,8487649430866;21,11513118460519;19,256022277615443;16,04051378702316;8,81;63,73494720458984; ARIMA(0,0,0)(0,0,0)[12] intercept
ARIMA;IBM Stock prices;9;444,529350045386;21,083864684762755;19,29915024394596;16,031139251719292;8,81;44,58161878585816; ARIMA(0,0,0)(0,0,0)[12] intercept
ARIMA;IBM Stock prices;11;445,2775284833633;21,10160014035341;19,30919873560424;16,03739798081634;8,81;61,88706636428833; ARIMA(0,0,0)(0,0,0)[12] intercept
ARIMA;IBM Stock prices;10;444,9716762043568;21,094351760704967;19,308513281845684;16,035465380905976;8,81;65,0418701171875; ARIMA(0,0,0)(0,0,0)[12] intercept
ARIMA;IBM Stock prices;15;445,8669296753157;21,11556131565808;19,19444746034493;16,03569221497766;8,81;62,59408378601074; ARIMA(0,0,0)(0,0,0)[12] intercept
ARIMA;IBM Stock prices;14;445,8231973196424;21,114525742238264;19,22492332049341;16,037532598977496;8,81;62,26718521118164; ARIMA(0,0,0)(0,0,0)[12] intercept
ARIMA;IBM Stock prices;12;445,59866200208273;21,109207990876463;19,282403440841527;16,03952871678971;8,81;60,1066210269928; ARIMA(0,0,0)(0,0,0)[12] intercept
ARIMA;IBM Stock prices;1;2698,427112687069;51,94638690695504;38,471962401381504;27,959284411598084;13,09;66,70621085166931; ARIMA(0,1,1)(0,0,0)[12]          
ARIMA;IBM Stock prices;2;2700,594397007268;51,96724350018257;38,53;27,992997811011872;13,1;18,933066844940186; ARIMA(0,1,0)(0,0,0)[12]          
ARIMA;IBM Stock prices;0;2699,4411106837606;51,956146033782765;38,52;27,98137776597084;13,1;1,3909785747528076; ARIMA(0,1,0)(0,0,0)[12]          
ARIMA;IBM Stock prices;3;2701,7459858853726;51,97832226885909;38,535000000000025;28,004265932399687;13,11;15,32845664024353; ARIMA(0,1,0)(0,0,0)[12]          
ARIMA;IBM Stock prices;5;2704,0546181934924;52,00052517228545;38,54999999999998;28,02712121058232;13,12;34,99722957611084; ARIMA(0,1,0)(0,0,0)[12]          
ARIMA;IBM Stock prices;6;2705,211695074946;52,01164960924568;38,55999999999997;28,03874867611262;13,13;19,44996404647827; ARIMA(0,1,0)(0,0,0)[12]          
ARIMA;IBM Stock prices;7;2706,368354070265;52,02276765100321;38,57499999999997;28,05017747788864;13,13;22,271987438201904; ARIMA(0,1,0)(0,0,0)[12]          
ARIMA;IBM Stock prices;10;2709,8449996568;52,056171580868295;38,589999999999975;28,084771627059407;13,15;62,74369072914124; ARIMA(0,1,0)(0,0,0)[12]          
ARIMA;IBM Stock prices;11;2711,007513347639;52,067336338126985;38,59999999999998;28,096552813840304;13,15;69,46496820449829; ARIMA(0,1,0)(0,0,0)[12]          
ARIMA;IBM Stock prices;24;2726,195;52,21297731407394;38,79999999999998;28,24798677578224;13,22;123,02738380432127; ARIMA(0,1,0)(0,0,0)[12]          
ARIMA;IBM Stock prices;23;2725,0225301984465;52,201748344269525;38,76499999999999;28,23654612443504;13,22;122,66601276397704; ARIMA(0,1,0)(0,0,0)[12]          
ARIMA;IBM Stock prices;4;2817,417826464092;53,079354050931066;51,41405162848403;33,69542801666058;14,36;95,29297709465028; ARIMA(2,1,1)(0,0,0)[12] intercept
ARIMA;IBM Stock prices;9;2824,6344984651537;53,14729060323916;51,47219984530591;33,769436228453195;14,39;55,76734781265259; ARIMA(1,1,0)(1,0,0)[12] intercept
ARIMA;IBM Stock prices;8;2827,453912549417;53,17380852026134;51,51258549256576;33,79693686901636;14,4;54,080662965774536; ARIMA(1,1,0)(0,0,0)[12] intercept
ARIMA;IBM Stock prices;12;2827,431270023821;53,173595609323066;51,49968772873444;33,80932100998294;14,41;55,450011014938354; ARIMA(0,1,1)(0,0,1)[12] intercept
ARIMA;IBM Stock prices;13;2828,3056897883835;53,18181728550072;51,5173492884971;33,82179140793091;14,41;85,12292337417603; ARIMA(0,1,1)(0,0,1)[12] intercept
ARIMA;IBM Stock prices;14;2828,4829524583715;53,18348383152773;51,52289183266305;33,826802891188706;14,42;65,31310224533081; ARIMA(0,1,1)(0,0,1)[12] intercept
ARIMA;IBM Stock prices;16;2827,5519156538385;53,174730047775874;51,47299888988758;33,822587210468264;14,42;57,376925230026245; ARIMA(0,1,1)(0,0,1)[12] intercept
ARIMA;IBM Stock prices;18;2827,500557694952;53,174247128614354;51,43505362330902;33,828143142287104;14,43;157,49005484580994; ARIMA(0,1,1)(0,0,1)[12] intercept
ARIMA;IBM Stock prices;15;2831,568961567977;53,21248877442191;51,54184002990328;33,85408381660535;14,43;60,86920619010925; ARIMA(0,1,0)(1,0,1)[12] intercept
ARIMA;IBM Stock prices;17;2828,255865038871;53,18134884561383;51,46670491478697;33,83343166181735;14,43;129,37265968322754; ARIMA(0,1,1)(0,0,1)[12] intercept
ARIMA;IBM Stock prices;21;2830,95867728286;53,20675405700728;51,55888620722152;33,874680616310194;14,44;174,66779398918152; ARIMA(0,1,1)(0,0,1)[12] intercept
ARIMA;IBM Stock prices;22;2829,274123621364;53,190921439860055;51,4888090079744;33,85836731468953;14,44;158,7007496356964; ARIMA(1,1,0)(1,0,0)[12] intercept
ARIMA;IBM Stock prices;19;2833,576777886659;53,23135145651159;51,53011977053646;33,8882868779555;14,45;66,28291320800781; ARIMA(0,1,0)(1,0,1)[12] intercept
ARIMA;IBM Stock prices;20;2833,877519854805;53,23417623909292;51,54650522663599;33,894418491970825;14,45;73,50678181648254; ARIMA(0,1,0)(1,0,1)[12] intercept
ARIMA;TSLA Stock prices;12;13317,18986977132;115,40012941834736;62,85804145370187;26,24584407150406;15,72;100,2012975215912; ARIMA(0,1,0)(1,0,0)[12] intercept
ARIMA;TSLA Stock prices;13;13316,406007594613;115,3967330889164;62,88159234327412;26,258839018180645;15,73;197,4333951473236; ARIMA(1,1,1)(1,0,0)[12] intercept
ARIMA;TSLA Stock prices;1;13438,674803525944;115,92529837583317;63,10828338242007;26,20866195926648;15,76;119,13206148147584; ARIMA(2,1,2)(2,0,0)[12] intercept
ARIMA;TSLA Stock prices;14;13365,861078760903;115,61081730859316;63,25235793997993;26,319951218376826;15,77;142,41092491149902; ARIMA(0,1,0)(1,0,0)[12] intercept
ARIMA;TSLA Stock prices;17;13386,693147298694;115,7008779020224;63,3214170043394;26,38072740607733;15,81;68,24262475967407; ARIMA(1,1,0)(1,0,0)[12] intercept
ARIMA;TSLA Stock prices;2;13498,267940232636;116,18204654864984;63,648092732736345;26,28625687831874;15,82;116,84839630126952; ARIMA(1,1,2)(2,0,0)[12] intercept
ARIMA;TSLA Stock prices;19;13434,045231905691;115,90532874680824;63,595039202407776;26,421640585933925;15,84;51,40807795524597; ARIMA(1,1,0)(1,0,0)[12] intercept
ARIMA;TSLA Stock prices;23;13469,92540107503;116,06000775924078;63,776757508383696;26,419310631487527;15,85;64,54166626930237; ARIMA(0,1,0)(1,0,1)[12] intercept
ARIMA;TSLA Stock prices;18;13466,296914009556;116,04437476245695;63,645205602925984;26,45146721710437;15,86;138,71630859375; ARIMA(0,1,0)(1,0,0)[12] intercept
ARIMA;TSLA Stock prices;20;13458,392291567085;116,0103111433078;63,659799957205536;26,441494126704423;15,86;55,21654891967773; ARIMA(1,1,0)(1,0,0)[12] intercept
ARIMA;TSLA Stock prices;21;13481,952863454855;116,11181190324632;63,70995586269604;26,45905641686456;15,87;64,18259406089783; ARIMA(1,1,0)(1,0,0)[12] intercept
ARIMA;TSLA Stock prices;6;13665,912055818868;116,90129193391692;64,76490595288973;26,502321684090784;15,97;62,28762173652649; ARIMA(0,1,1)(2,0,1)[12] intercept
ARIMA;TSLA Stock prices;7;13691,240683185468;117,0095751773566;64,86115892606185;26,542191427750804;16,0;58,61769604682922; ARIMA(0,1,1)(2,0,1)[12] intercept
ARIMA;TSLA Stock prices;8;13721,512294646893;117,13885902913212;64,95747452223434;26,586343443779388;16,03;110,65168976783752; ARIMA(2,1,0)(2,0,0)[12] intercept
ARIMA;TSLA Stock prices;9;13748,11119541067;117,25233982915084;65,00203537900987;26,62690618313221;16,05;58,709986209869385; ARIMA(1,1,0)(2,0,0)[12] intercept
ARIMA;TSLA Stock prices;10;13777,129319529951;117,37601679870532;65,11836948079734;26,66944465285239;16,08;112,8485198020935; ARIMA(0,1,1)(2,0,0)[12] intercept
ARIMA;TSLA Stock prices;15;13921,001472965198;117,98729369285998;66,0180782791557;26,88356571070161;16,22;87,33090448379517; ARIMA(1,1,0)(2,0,0)[12] intercept
ARIMA;TSLA Stock prices;16;13948,264585704996;118,10277128715056;66,1738814781493;26,924878571425708;16,25;83,05268716812134; ARIMA(1,1,0)(2,0,0)[12] intercept
ARIMA;TSLA Stock prices;22;14096,615846375104;118,72917015786436;66,93620839072089;27,065870967596734;16,36;104,86150741577148; ARIMA(1,1,0)(2,0,0)[12] intercept
ARIMA;TSLA Stock prices;24;14159,183679528513;118,99236815665328;67,1199249674424;27,125970713423023;16,41;99,75393986701964; ARIMA(0,1,0)(2,0,1)[12] intercept
ARIMA;TSLA Stock prices;0;19247,98262634208;138,73709895461295;72,48999999999998;31,166425059530606;19,8;0,5447118282318115; ARIMA(0,1,0)(0,0,0)[12]          
ARIMA;TSLA Stock prices;3;19740,689049324737;140,50156244442528;74,70907627619812;31,659879119474404;20,21;121,48276948928832; ARIMA(1,1,0)(2,0,0)[12]          
ARIMA;TSLA Stock prices;4;19791,108811659986;140,68087578509022;74,9660850552306;31,720625289462618;20,25;62,396517515182495; ARIMA(0,1,0)(2,0,0)[12]          
ARIMA;TSLA Stock prices;5;19815,44612896153;140,76734752406728;75,1010561072896;31,75040153664356;20,27;77,42155480384827; ARIMA(0,1,0)(2,0,0)[12]          
ARIMA;TSLA Stock prices;11;19965,888065342755;141,30070086642442;75,46097861382637;31,97924504903073;20,42;81,17817187309265; ARIMA(0,1,0)(2,0,0)[12]          
ARIMA;Canadian Lynx;15;983087,7831916792;991,5078331469092;864,3967641783731;81,98673095616597;28,44;45,00551581382752; ARIMA(0,0,1)(0,0,0)[12] intercept
ARIMA;Canadian Lynx;14;1090219,630944078;1044,1358297386782;891,8565141268234;76,47953132485266;28,93;45,08765530586243; ARIMA(0,0,1)(0,0,0)[12] intercept
ARIMA;Canadian Lynx;11;1330462,7034286363;1153,4568494003736;877,5910097340659;68,04246728488829;29,08;32,74137544631958; ARIMA(1,0,1)(0,0,0)[12] intercept
ARIMA;Canadian Lynx;12;1441237,7249091426;1200,5156079406645;893,2981842672459;70,83816587564428;30,17;37,05752921104431; ARIMA(0,0,1)(0,0,0)[12] intercept
ARIMA;Canadian Lynx;13;1425033,9435227648;1193,74785592384;918,7249111761346;75,12956141645726;30,35;37,245829820632935; ARIMA(0,0,1)(0,0,0)[12] intercept
ARIMA;Canadian Lynx;10;1360685,0345271428;1166,484048123738;889,0384734491201;83,28623333253773;31,29;24,81960678100586; ARIMA(0,0,1)(0,0,0)[12] intercept
ARIMA;Canadian Lynx;16;1118552,1886947502;1057,6162766782431;866,825148919382;88,92721636367959;32,06;22,17481517791748; ARIMA(1,0,0)(0,0,0)[12] intercept
ARIMA;Canadian Lynx;3;771588,6453952282;878,4011870411083;781,536661043277;208,70077160822345;33,03;10,42412281036377; ARIMA(0,0,0)(1,0,1)[12] intercept
ARIMA;Canadian Lynx;1;1133072,019182518;1064,4585568177456;768,2677003636957;168,44008489265337;33,61;14,683477640151978; ARIMA(2,0,1)(0,0,2)[12] intercept
ARIMA;Canadian Lynx;5;1115135,8580674396;1055,999932797081;988,8524208065076;328,655862028291;38,34;7,650868654251099; ARIMA(0,0,0)(1,0,0)[12] intercept
ARIMA;Sunspot Numbers;4;4608,445321533738;67,88553101754259;54,06597336913206;inf;38,49;96,49813866615295; ARIMA(0,0,1)(1,0,2)[12] intercept
ARIMA;Sunspot Numbers;1;4622,451170714818;67,98861059556091;56,07087748617724;inf;38,54;71,24435687065125; ARIMA(1,0,1)(0,0,2)[12] intercept
ARIMA;Sunspot Numbers;5;4623,318021342695;67,99498526614073;53,71663703944212;inf;38,6;64,769366979599; ARIMA(1,0,0)(2,0,0)[12] intercept
ARIMA;Sunspot Numbers;8;4624,917066912115;68,00674280475513;53,88718451971047;inf;38,65;55,393545389175415; ARIMA(1,0,0)(1,0,0)[12] intercept
ARIMA;Sunspot Numbers;2;4642,294698368898;68,13438704772281;54,079522379425626;inf;38,66;79,77961874008179; ARIMA(0,0,2)(0,0,2)[12] intercept
ARIMA;Sunspot Numbers;3;4639,850559728083;68,11644852550728;56,51673771191581;inf;38,66;79,44838166236877; ARIMA(1,0,1)(0,0,2)[12] intercept
ARIMA;Sunspot Numbers;6;4640,613993543969;68,12205218241718;53,68056138611618;inf;38,71;59,2340030670166; ARIMA(0,0,0)(0,0,2)[12] intercept
ARIMA;Sunspot Numbers;10;4634,747033787264;68,0789764449148;53,93897175217837;inf;38,74;76,50855040550232; ARIMA(1,0,0)(2,0,0)[12] intercept
ARIMA;Sunspot Numbers;7;4667,891390775285;68,32196858094244;53,88216488192414;inf;38,92;57,246092557907104; ARIMA(0,0,1)(0,0,1)[12] intercept
ARIMA;Sunspot Numbers;9;4665,475441389605;68,30428567366476;54,150000000000006;inf;38,94;52,5333366394043; ARIMA(0,0,1)(0,0,1)[12] intercept
ARIMA;Sunspot Numbers;11;4673,666372525385;68,3642185103098;53,75000000000001;inf;38,98;123,89412689208984; ARIMA(0,0,1)(0,0,1)[12] intercept
ARIMA;Sunspot Numbers;12;4673,893718598943;68,36588124641519;54,03412110558922;inf;39,0;74,42703342437744; ARIMA(0,0,1)(0,0,1)[12] intercept
ARIMA;Sunspot Numbers;13;4678,846069033789;68,40209111594315;53,71624501009609;inf;39,02;94,49885988235474; ARIMA(0,0,1)(0,0,1)[12] intercept
ARIMA;Sunspot Numbers;14;4682,09335652423;68,42582375480934;53,971405377606914;inf;39,05;139,111554145813; ARIMA(0,0,1)(0,0,1)[12] intercept
ARIMA;Sunspot Numbers;15;4685,267179303649;68,4490115290473;54,150000000000006;inf;39,07;207,6367373466492; ARIMA(0,0,1)(0,0,1)[12] intercept
ARIMA;Sunspot Numbers;16;4683,287750158307;68,43455085085536;53,70073167322725;inf;39,08;296,20552492141724; ARIMA(0,0,1)(0,0,1)[12] intercept
ARIMA;Sunspot Numbers;17;4682,666423229543;68,43001112983646;53,8;inf;39,1;302,4357919692993; ARIMA(0,0,1)(0,0,1)[12] intercept
ARIMA;Sunspot Numbers;18;4688,9554016790025;68,47594761431931;54,30839376307358;inf;39,14;318,482057094574; ARIMA(0,0,1)(0,0,1)[12] intercept
ARIMA;Sunspot Numbers;19;4688,449644501717;68,47225455979755;53,650000000000006;inf;39,18;184,7505867481232; ARIMA(0,0,1)(0,0,1)[12] intercept
ARIMA;Sunspot Numbers;20;4692,897762220905;68,50472802822375;53,88296550084547;inf;39,21;238,3428635597229; ARIMA(0,0,1)(0,0,1)[12] intercept
ARIMA;Sunspot Numbers;24;4724,13166656737;68,73231893779935;54,307844718760194;inf;39,45;143,5735743045807; ARIMA(1,0,0)(1,0,0)[12] intercept
ARIMA;Sunspot Numbers;21;4758,430613302961;68,98137874312864;56,53319277691393;inf;39,56;139,4207534790039; ARIMA(0,0,0)(1,0,1)[12] intercept
ARIMA;Sunspot Numbers;22;4767,46822189749;69,04685526436009;56,6514052230585;inf;39,65;220,1424856185913; ARIMA(0,0,0)(1,0,1)[12] intercept
ARIMA;Sunspot Numbers;23;4777,544771292778;69,11978567163514;56,58881946034369;inf;39,71;211,848646402359; ARIMA(0,0,0)(1,0,1)[12] intercept
ARIMA;Canadian Lynx;2;1649468,7508611828;1284,3164527721283;1141,662921348315;326,4721686645134;42,14;2,3559513092041016; ARIMA(0,0,0)(0,0,0)[12] intercept
ARIMA;Canadian Lynx;6;1436029,458637066;1198,3444657681137;1122,5694689057498;394,56689263300615;43,37;5,186238765716553; ARIMA(0,0,1)(0,0,0)[12] intercept
ARIMA;Canadian Lynx;4;1402223,6676983205;1184,1552548962152;998,7656773992776;290,9322164570204;46,98;7,816110134124756; ARIMA(0,0,0)(0,0,1)[12] intercept
ARIMA;Canadian Lynx;7;2682262,090454084;1637,761304480627;1029,0117220465102;219,906601074276;60,82;9,242992639541626; ARIMA(1,0,0)(0,0,0)[12]          
ARIMA;Canadian Lynx;9;3873688,214285714;1968,1687463949104;1334,5;100,0;100,0;3,161862373352051; ARIMA(0,0,0)(0,0,0)[12]          
ARIMA;Canadian Lynx;19;5530141,25;2351,6252358741176;2123,5;100,0;100,0;13,493112802505491; ARIMA(0,0,0)(0,0,0)[12]          
ARIMA;Canadian Lynx;8;3616219,933333333;1901,63612011692;1132,0;100,0;100,0;2,930082321166992; ARIMA(0,0,0)(0,0,0)[12]          
ARIMA;Canadian Lynx;22;11532816,0;3396,0;3396,0;100,0;100,0;30,30774474143982; ARIMA(0,0,0)(0,0,0)[12]          
ARIMA;Canadian Lynx;21;9296232,5;3048,972367864294;3026,5;100,0;100,0;14,60369873046875; ARIMA(0,0,0)(0,0,0)[12]          
ARIMA;Canadian Lynx;17;3799005,6666666665;1949,1038111569808;1295,0;100,0;100,0;17,560457229614258; ARIMA(0,0,0)(0,0,0)[12]          
ARIMA;Canadian Lynx;18;4511761,8;2124,0908172674726;1590,0;100,0;100,0;17,122668981552124; ARIMA(0,0,0)(0,0,0)[12]          
ARIMA;Canadian Lynx;20;7040188,333333333;2653,335322444816;2657,0;100,0;100,0;12,762892246246338; ARIMA(0,0,0)(0,0,0)[12]          
ARIMA;Canadian Lynx;0;4635415,545454546;2153,0015200771563;1334,5;100,0;100,0;0,0420045852661132; ARIMA(0,0,0)(0,0,0)[12]          
ARIMA;Sunspot Numbers;0;11867,698191489362;108,93896544161488;69,80000000000001;;;0,3190371990203857; ARIMA(0,0,0)(0,0,0)[12]          
