Dataset;Best Params;n_time_steps;MSE;RMSE;MAE;MAPE;sMAPE;Duration;model;dataset
c.lynx; ARIMA(0,0,0)(0,0,0)[12]          ;0;4635415.545454546;2153.0015200771563;1334.5;100.0;100.0;0.0925629138946533;ARIMA;canadian
c.lynx; ARIMA(2,0,1)(0,0,2)[12] intercept;1;1133072.255345971;1064.4586677489976;768.2678432364978;168.4399319836995;33.61;24.485544204711918;ARIMA;canadian
c.lynx; ARIMA(0,0,0)(0,0,0)[12] intercept;2;1649468.7508611828;1284.3164527721283;1141.662921348315;326.4721686645134;42.14;4.35336971282959;ARIMA;canadian
IBM; ARIMA(0,0,0)(0,0,0)[12]          ;0;14414.405881583363;120.06000950184604;119.30324782937356;100.0;100.0;0.4300994873046875;ARIMA;IBM
IBM; ARIMA(0,0,0)(0,0,0)[12] intercept;1;437.4720736984455;20.915833086407183;18.959191586946105;15.914407142297511;8.74;15.583759069442747;ARIMA;IBM
IBM; ARIMA(1,0,1)(0,0,0)[12] intercept;2;325.59775488271634;18.04432749876582;14.453181657871284;12.654717421202331;6.89;37.82792973518372;ARIMA;IBM
IBM; ARIMA(0,0,0)(0,0,0)[12] intercept;3;439.00006048038495;20.952328283042554;18.9883435977754;15.937733750970306;8.75;24.94972419738769;ARIMA;IBM
IBM; ARIMA(0,0,0)(0,0,0)[12] intercept;4;440.10306129531904;20.97863344680294;19.06383373211728;15.958127339131156;8.76;33.64567732810974;ARIMA;IBM
IBM; ARIMA(0,0,0)(0,0,0)[12] intercept;5;441.2683151209944;21.0063874838344;19.139703397681657;15.980338019955312;8.78;42.27506470680237;ARIMA;IBM
IBM; ARIMA(0,0,0)(0,0,0)[12] intercept;6;442.3458402133572;21.032019404074283;19.18271777996249;15.999848687202494;8.79;39.04506587982178;ARIMA;IBM
IBM; ARIMA(0,0,0)(0,0,0)[12] intercept;7;443.2331506950474;21.05310311320038;19.224820909822284;16.014051781749984;8.8;36.98254346847534;ARIMA;IBM
IBM; ARIMA(0,0,0)(0,0,0)[12] intercept;8;443.9858995127005;21.07097291329237;19.26192271719166;16.024808783933477;8.8;30.423553466796875;ARIMA;IBM
IBM; ARIMA(0,0,0)(0,0,0)[12] intercept;9;444.5294008237324;21.08386588896193;19.299127901554485;16.031139912381057;8.81;45.27059602737427;ARIMA;IBM
IBM; ARIMA(0,0,0)(0,0,0)[12] intercept;10;444.9717249286287;21.09435291561769;19.308505957151148;16.035466001192738;8.81;50.66066765785217;ARIMA;IBM
IBM; ARIMA(0,0,0)(0,0,0)[12] intercept;11;445.2775728332304;21.10160119121841;19.309176387852705;16.037398526895238;8.81;60.60839629173279;ARIMA;IBM
IBM; ARIMA(0,0,0)(0,0,0)[12] intercept;12;445.5987071545639;21.10920906037372;19.28239618672192;16.039529278554937;8.81;56.30006766319275;ARIMA;IBM
IBM; ARIMA(0,0,0)(0,0,0)[12] intercept;13;445.8488111091054;21.115132277802697;19.256030122469653;16.040514368956714;8.81;69.37797379493713;ARIMA;IBM
IBM; ARIMA(0,0,0)(0,0,0)[12] intercept;14;445.8232429720379;21.114526823304328;19.224931115118544;16.037533176322544;8.81;73.06815981864929;ARIMA;IBM
IBM; ARIMA(0,0,0)(0,0,1)[12] intercept;15;436.878063825725;20.9016282577632;18.83820001109963;15.80650028707075;8.68;176.0225007534027;ARIMA;IBM
IBM; ARIMA(0,0,0)(0,0,1)[12] intercept;16;437.2086800603953;20.909535625173397;18.82726279257636;15.807118728417343;8.68;274.0847008228302;ARIMA;IBM
IBM; ARIMA(0,0,1)(0,0,1)[12] intercept;17;437.0102894953903;20.9047910655761;18.85303084144303;15.79473439662283;8.67;96.7945294380188;ARIMA;IBM
IBM; ARIMA(0,0,1)(0,0,1)[12] intercept;18;437.7798405597461;20.923189062849527;18.90268114766856;15.80389536256041;8.68;61.13882875442505;ARIMA;IBM
IBM; ARIMA(0,0,0)(0,0,0)[12] intercept;19;448.2798826198909;21.172621061642108;19.234716126075117;16.068479724653052;8.83;90.67727971076964;ARIMA;IBM
IBM; ARIMA(0,0,0)(0,0,0)[12] intercept;20;449.2035385325034;21.19442234486478;19.28125946846688;16.082442324451307;8.84;247.05521607398987;ARIMA;IBM
IBM; ARIMA(0,0,0)(0,0,0)[12] intercept;21;450.0385639814325;21.214112377882618;19.32779217939064;16.09442171134709;8.85;199.09616947174072;ARIMA;IBM
IBM; ARIMA(0,0,1)(0,0,1)[12] intercept;22;440.5658907265693;20.989661520057183;18.91641085995863;15.855374736258677;8.71;709.9730205535889;ARIMA;IBM
IBM; ARIMA(0,0,1)(0,0,1)[12] intercept;23;441.1454524582758;21.0034628682576;18.70346071551694;15.866834447760866;8.71;231.15074944496155;ARIMA;IBM
IBM; ARIMA(0,0,1)(0,0,1)[12] intercept;24;441.5677181182099;21.01351275056624;18.603912726204257;15.876519355697107;8.72;115.275958776474;ARIMA;IBM
IBM; ARIMA(0,0,0)(0,0,0)[12] intercept;1;437.4720247427163;20.91583191610404;18.95917631319665;15.914406519898415;8.74;15.088876008987429;ARIMA;IBM
IBM; ARIMA(1,0,1)(0,0,0)[12] intercept;2;325.5979483226752;18.044332858897143;14.453198876904466;12.654723797046431;6.89;44.57783436775208;ARIMA;IBM
IBM; ARIMA(0,0,0)(0,0,0)[12] intercept;3;439.0000112310561;20.95232710777149;18.98832824130301;15.937733119811758;8.75;23.39579439163208;ARIMA;IBM
IBM; ARIMA(0,0,0)(0,0,0)[12] intercept;4;440.1030116746878;20.978632264156012;19.06382219629424;15.95812670173663;8.76;29.006713151931763;ARIMA;IBM
IBM; ARIMA(0,0,0)(0,0,0)[12] intercept;5;441.26826601845465;21.00638631508177;19.13969570531178;15.980337395420907;8.78;34.67583465576172;ARIMA;IBM
IBM; ARIMA(0,0,0)(0,0,0)[12] intercept;6;442.3457917550962;21.03201825206264;19.18271006028205;15.999848072334975;8.79;28.4622220993042;ARIMA;IBM
IBM; ARIMA(0,0,0)(0,0,0)[12] intercept;7;443.2331029698294;21.053101979751805;19.224813150801825;16.014051184098534;8.8;36.749271631240845;ARIMA;IBM
IBM; ARIMA(0,0,0)(0,0,0)[12] intercept;8;443.9858506761362;21.070971754433543;19.26193002885305;16.024808163115033;8.8;41.863401651382446;ARIMA;IBM
IBM; ARIMA(0,0,0)(0,0,0)[12] intercept;9;444.529350045386;21.083864684762755;19.29915024394596;16.031139251719292;8.81;44.58161878585816;ARIMA;IBM
IBM; ARIMA(0,0,0)(0,0,0)[12] intercept;10;444.9716762043568;21.094351760704967;19.308513281845684;16.035465380905976;8.81;65.0418701171875;ARIMA;IBM
IBM; ARIMA(0,0,0)(0,0,0)[12] intercept;11;445.2775284833633;21.101600140353412;19.30919873560424;16.03739798081634;8.81;61.88706636428833;ARIMA;IBM
IBM; ARIMA(0,0,0)(0,0,0)[12] intercept;12;445.59866200208273;21.109207990876463;19.282403440841527;16.03952871678971;8.81;60.1066210269928;ARIMA;IBM
IBM; ARIMA(0,0,0)(0,0,0)[12] intercept;13;445.8487649430866;21.11513118460519;19.256022277615443;16.04051378702316;8.81;63.73494720458984;ARIMA;IBM
IBM; ARIMA(0,0,0)(0,0,0)[12] intercept;14;445.8231973196424;21.114525742238264;19.22492332049341;16.037532598977496;8.81;62.26718521118164;ARIMA;IBM
IBM; ARIMA(0,0,0)(0,0,0)[12] intercept;15;445.8669296753157;21.115561315658077;19.19444746034493;16.03569221497766;8.81;62.59408378601074;ARIMA;IBM
sunspot; ARIMA(0,0,0)(0,0,0)[12]          ;0;11867.698191489362;108.93896544161488;69.80000000000001;;;0.831068754196167;ARIMA;sunspot
TSLA; ARIMA(0,1,0)(0,0,0)[12]          ;0;3583.6706680051834;59.86376757275793;42.28666687011719;27.11801247325678;10.94;0.3520798683166504;ARIMA;TSLA
c.lynx;LSTM (8,8,8) n_time_steps=0 epochs=500;0;1814454.125;1347.0167500814532;1214.0;312.78867;42.21;82.68480706214905;LSTM;canadian
IBM;LSTM (8,8,8) n_time_steps=0 epochs=200;0;451.6343688964844;21.25169096557929;19.319488525390625;16.216335;8.91;103.24068593978882;LSTM;IBM
IBM;LSTM (8,8,16) n_time_steps=0 epochs=200;0;452.390380859375;21.26947062950498;19.33853912353516;16.232296;8.92;94.75720286369324;LSTM;IBM
IBM;LSTM (8,8,32) n_time_steps=0 epochs=200;0;452.07659912109375;21.26209300894655;19.33063507080078;16.225676;8.92;224.26940512657168;LSTM;IBM
IBM;LSTM (8,8,64) n_time_steps=0 epochs=200;0;451.6645812988281;21.2524017771834;19.32025146484375;16.216972;8.91;104.816100358963;LSTM;IBM
IBM;LSTM (8,8,100) n_time_steps=0 epochs=200;0;452.3936767578125;21.26954810892353;19.338623046875;16.232368;8.92;334.96513319015503;LSTM;IBM
IBM;LSTM (8,16,8) n_time_steps=0 epochs=200;0;455.0675964355469;21.332313433745224;19.40585327148437;16.288704;8.96;351.9538998603821;LSTM;IBM
IBM;LSTM (8,16,16) n_time_steps=0 epochs=200;0;454.92626953125;21.32900066883702;19.402305603027344;16.285732;8.96;397.5719342231751;LSTM;IBM
IBM;LSTM (8,16,32) n_time_steps=0 epochs=200;0;454.91595458984375;21.328758861917954;19.40204620361328;16.285515;8.96;115.458181142807;LSTM;IBM
IBM;LSTM (8,16,64) n_time_steps=0 epochs=200;0;455.06060791015625;21.332149631721517;19.40567779541016;16.288557;8.96;71.54888105392456;LSTM;IBM
IBM;LSTM (8,16,100) n_time_steps=0 epochs=200;0;454.7363586425781;21.32454826350556;19.397537231445312;16.281736;8.95;116.74748992919922;LSTM;IBM
IBM;LSTM (8,32,8) n_time_steps=0 epochs=200;0;457.3236389160156;21.385126581715987;19.46240234375;16.33609;8.99;57.27856230735779;LSTM;IBM
IBM;LSTM (8,32,16) n_time_steps=0 epochs=200;0;457.29681396484375;21.384499385415683;19.46173095703125;16.33553;8.98;55.80844020843506;LSTM;IBM
IBM;LSTM (8,32,32) n_time_steps=0 epochs=200;0;457.38037109375;21.3864529806546;19.46382141113281;16.33728;8.99;56.94618916511536;LSTM;IBM
IBM;LSTM (8,32,64) n_time_steps=0 epochs=200;0;457.38616943359375;21.38658854127029;19.463966369628903;16.337402;8.99;70.55713176727295;LSTM;IBM
IBM;LSTM (8,32,100) n_time_steps=0 epochs=200;0;457.3218688964844;21.38508519731648;19.46235656738281;16.336052;8.99;69.10225057601929;LSTM;IBM
c.lynx;{'activation': 'relu', 'alpha': 0.0001, 'hidden_layer_sizes': (6, 12, 1), 'max_iter': 500, 'solver': 'adam'};0;3478460.06523536;1865.063019105617;1118.7565031674708;106.73268183796633;54.54;25.692527532577515;MLP;canadian
c.lynx;{'activation': 'relu', 'alpha': 0.0001, 'hidden_layer_sizes': (6, 12, 1), 'max_iter': 500, 'solver': 'adam'};1;3451189.2567565097;1857.7376716739395;1108.3511606887523;107.98186337696882;54.14;10.692274570465088;MLP;canadian
c.lynx;{'activation': 'relu', 'alpha': 0.01, 'hidden_layer_sizes': (2, 6, 1), 'max_iter': 500, 'solver': 'adam'};2;3216708.824178986;1793.5185597531422;843.152546578902;117.15610418039276;51.03;9.321195840835571;MLP;canadian
c.lynx;{'activation': 'relu', 'alpha': 0.0001, 'hidden_layer_sizes': (6, 18, 1), 'max_iter': 500, 'solver': 'adam'};3;2593626.875600529;1610.474115160045;728.5;168.19621467215245;46.37;14.089825630187988;MLP;canadian
c.lynx;{'activation': 'relu', 'alpha': 0.01, 'hidden_layer_sizes': (4, 6, 1), 'max_iter': 500, 'solver': 'adam'};4;3243213.8974208683;1800.892528004064;854.1640092400908;115.63664165958744;51.38;11.682505130767822;MLP;canadian
c.lynx;{'activation': 'identity', 'alpha': 0.01, 'hidden_layer_sizes': (6, 18, 1), 'max_iter': 500, 'solver': 'adam'};5;998953.3154572152;999.4765207133258;804.7865847383176;169.79966019274755;30.62;12.148804187774658;MLP;canadian
c.lynx;{'activation': 'identity', 'alpha': 0.01, 'hidden_layer_sizes': (2, 6, 1), 'max_iter': 500, 'solver': 'adam'};6;1879639.4970505328;1370.9994518782755;1247.5181007041226;351.5832825663495;42.41;13.982168912887571;MLP;canadian
c.lynx;{'activation': 'identity', 'alpha': 0.01, 'hidden_layer_sizes': (6, 12, 1), 'max_iter': 500, 'solver': 'adam'};7;1287403.3754317097;1134.6379931201448;1001.1670647511146;256.6627278119769;35.51;19.883998155593872;MLP;canadian
IBM;{'activation': 'identity', 'alpha': 0.0001, 'hidden_layer_sizes': (6, 12, 1), 'max_iter': 500, 'solver': 'adam'};0;438.176176706286;20.932658137615636;18.968081426293917;15.934666889603657;8.75;33.0739324092865;MLP;IBM
IBM;{'activation': 'identity', 'alpha': 0.0001, 'hidden_layer_sizes': (2, 6, 1), 'max_iter': 500, 'solver': 'adam'};1;86.50831150750574;9.300984437547768;8.276123425431983;6.9849473088477065;3.64;23.28687047958374;MLP;IBM
sunspot;{'activation': 'identity', 'alpha': 0.0001, 'hidden_layer_sizes': (6, 12, 1), 'max_iter': 500, 'solver': 'adam'};0;349153.03898393014;590.8917320321297;498.4489267514123;82.91256501256063;77.26;42.57759237289429;MLP;sunspot
sunspot;{'activation': 'identity', 'alpha': 0.0001, 'hidden_layer_sizes': (6, 12, 1), 'max_iter': 500, 'solver': 'adam'};1;6241.149677637305;79.00094732113853;29.39099260321825;8.660112512544558;4.43;22.13679528236389;MLP;sunspot
sunspot;{'activation': 'relu', 'alpha': 0.01, 'hidden_layer_sizes': (6, 12, 1), 'max_iter': 500, 'solver': 'adam'};2;332631.5394574379;576.7421776300376;480.9954637879596;72.98580946942153;68.27;35.02460050582886;MLP;sunspot
sunspot;{'activation': 'identity', 'alpha': 0.01, 'hidden_layer_sizes': (6, 12, 1), 'max_iter': 500, 'solver': 'adam'};3;13506.351624685914;116.216830212693;52.11738075589284;12.862015077672485;6.46;39.57759165763855;MLP;sunspot
sunspot;{'activation': 'identity', 'alpha': 0.0001, 'hidden_layer_sizes': (2, 6, 1), 'max_iter': 500, 'solver': 'adam'};4;12106.223668048902;110.02828576347494;55.34293704236501;12.55876423943116;6.27;38.61554574966431;MLP;sunspot
sunspot;{'activation': 'identity', 'alpha': 0.0001, 'hidden_layer_sizes': (2, 6, 1), 'max_iter': 500, 'solver': 'adam'};5;12500.303633356196;111.80475675639296;58.37994501918399;12.809116689992267;6.4;27.293074131011963;MLP;sunspot
sunspot;{'activation': 'identity', 'alpha': 0.0001, 'hidden_layer_sizes': (6, 18, 1), 'max_iter': 500, 'solver': 'adam'};6;15607.68257467663;124.93071109489703;66.82775886048671;14.439233738927678;7.18;4.58988094329834;MLP;sunspot
sunspot;{'activation': 'identity', 'alpha': 0.01, 'hidden_layer_sizes': (6, 18, 1), 'max_iter': 500, 'solver': 'adam'};7;14661.57996605876;121.0850113187374;62.790877372533146;13.856150736784569;6.92;7.456227302551269;MLP;sunspot
sunspot;{'activation': 'identity', 'alpha': 0.0001, 'hidden_layer_sizes': (4, 6, 1), 'max_iter': 500, 'solver': 'adam'};8;13042.957246461548;114.20576713310736;59.87163221481308;13.09494331694122;6.58;22.223884105682373;MLP;sunspot
sunspot;{'activation': 'relu', 'alpha': 0.01, 'hidden_layer_sizes': (6, 12, 1), 'max_iter': 500, 'solver': 'adam'};9;18283.442863772867;135.21628179983676;64.2164620787795;14.35849058993072;7.78;20.25669264793396;MLP;sunspot
sunspot;{'activation': 'identity', 'alpha': 0.01, 'hidden_layer_sizes': (2, 6, 1), 'max_iter': 500, 'solver': 'adam'};10;12452.258340281456;111.58968742801216;55.14558853939957;12.925311971197488;6.56;43.7319872379303;MLP;sunspot
sunspot;{'activation': 'identity', 'alpha': 0.0001, 'hidden_layer_sizes': (2, 6, 1), 'max_iter': 500, 'solver': 'adam'};11;9396.427797528477;96.93517317015778;47.14983939166996;11.207016497453733;5.8;37.09619617462158;MLP;sunspot
sunspot;{'activation': 'relu', 'alpha': 0.0001, 'hidden_layer_sizes': (4, 6, 1), 'max_iter': 500, 'solver': 'adam'};12;13142.895563842849;114.64246841307477;54.3096430567131;13.691451846845784;6.52;24.274734020233154;MLP;sunspot
sunspot;{'activation': 'relu', 'alpha': 0.01, 'hidden_layer_sizes': (6, 18, 1), 'max_iter': 500, 'solver': 'adam'};13;81497.6416381856;285.4779179519593;222.26917738612752;37.21572366391117;14.74;27.38915014266968;MLP;sunspot
sunspot;{'activation': 'relu', 'alpha': 0.0001, 'hidden_layer_sizes': (6, 12, 1), 'max_iter': 500, 'solver': 'adam'};14;11335.060361799484;106.46624047931572;53.38170640216896;11.693249595229892;6.09;26.796475172042847;MLP;sunspot
sunspot;{'activation': 'identity', 'alpha': 0.01, 'hidden_layer_sizes': (6, 18, 1), 'max_iter': 500, 'solver': 'adam'};15;6533.067630987938;80.82739406282958;35.302152599570945;9.07136342146532;4.7;31.77627229690552;MLP;sunspot
sunspot;{'activation': 'identity', 'alpha': 0.0001, 'hidden_layer_sizes': (6, 12, 1), 'max_iter': 500, 'solver': 'adam'};16;14329.837259320057;119.70729827090769;51.623319979731264;13.24655722327883;7.14;36.91693329811096;MLP;sunspot
sunspot;{'activation': 'identity', 'alpha': 0.0001, 'hidden_layer_sizes': (2, 6, 1), 'max_iter': 500, 'solver': 'adam'};17;13534.468729551489;116.33773562155784;60.96828400375108;13.33242510964089;6.79;27.35565996170044;MLP;sunspot
sunspot;{'activation': 'relu', 'alpha': 0.0001, 'hidden_layer_sizes': (4, 6, 1), 'max_iter': 500, 'solver': 'adam'};18;341060.06563748675;584.0034808436391;487.78591946234985;74.41285403063702;70.37;26.238126039505005;MLP;sunspot
sunspot;{'activation': 'relu', 'alpha': 0.01, 'hidden_layer_sizes': (6, 18, 1), 'max_iter': 500, 'solver': 'adam'};19;7867.804244204717;88.70064398979704;39.775169455945615;9.968205566307278;4.92;9.890476942062378;MLP;sunspot
sunspot;{'activation': 'relu', 'alpha': 0.0001, 'hidden_layer_sizes': (2, 6, 1), 'max_iter': 500, 'solver': 'adam'};20;336820.6431647627;580.3625101303173;483.2944890635803;73.74400854793835;69.24;12.236273288726808;MLP;sunspot
sunspot;{'activation': 'relu', 'alpha': 0.0001, 'hidden_layer_sizes': (2, 6, 1), 'max_iter': 500, 'solver': 'adam'};21;323773.995651239;569.0114196140873;469.183089932763;72.06467842806616;66.07;8.81334400177002;MLP;sunspot
sunspot;{'activation': 'identity', 'alpha': 0.01, 'hidden_layer_sizes': (4, 6, 1), 'max_iter': 500, 'solver': 'adam'};22;12705.283540334718;112.71771617778067;60.12153438388327;13.09448628465602;6.66;32.281362771987915;MLP;sunspot
sunspot;{'activation': 'relu', 'alpha': 0.0001, 'hidden_layer_sizes': (6, 18, 1), 'max_iter': 500, 'solver': 'adam'};23;25121.572405006453;158.4978624619476;88.9038499114613;18.64815566876912;9.01;26.26991176605225;MLP;sunspot
sunspot;{'activation': 'identity', 'alpha': 0.0001, 'hidden_layer_sizes': (4, 6, 1), 'max_iter': 500, 'solver': 'adam'};24;7002.151326679146;83.67885830171888;31.88480985540897;9.183587940871393;4.74;29.92633557319641;MLP;sunspot
TSLA;{'activation': 'identity', 'alpha': 0.0001, 'hidden_layer_sizes': (6, 12, 1), 'max_iter': 500, 'solver': 'adam'};0;17356.03285706985;131.7422971451077;124.8776023243426;52.78109290008041;36.72;16.60878086090088;MLP;TSLA
TSLA;{'activation': 'identity', 'alpha': 0.0001, 'hidden_layer_sizes': (2, 6, 1), 'max_iter': 500, 'solver': 'adam'};1;222.55129732341547;14.918153281268276;10.484834871827148;5.276767985816204;2.73;20.008987188339237;MLP;TSLA
TSLA;{'activation': 'identity', 'alpha': 0.001, 'hidden_layer_sizes': (6, 18, 1), 'max_iter': 500, 'solver': 'adam'};2;94.9768739798808;9.74560793280136;6.895230589488783;3.6602431797859216;1.83;17.462634086608887;MLP;TSLA
TSLA;{'activation': 'identity', 'alpha': 0.0001, 'hidden_layer_sizes': (4, 6, 1), 'max_iter': 500, 'solver': 'adam'};3;106.89570741570093;10.339038031446684;7.389690807871943;3.855902035821329;1.95;15.29348087310791;MLP;TSLA
TSLA;{'activation': 'identity', 'alpha': 0.0001, 'hidden_layer_sizes': (6, 12, 1), 'max_iter': 500, 'solver': 'adam'};4;136.1626289969188;11.668874367175215;8.282828035066586;4.453805385767913;2.22;12.431246280670166;MLP;TSLA
TSLA;{'activation': 'identity', 'alpha': 0.0001, 'hidden_layer_sizes': (6, 18, 1), 'max_iter': 500, 'solver': 'adam'};5;152.01140804192343;12.329290654450622;8.911302083768703;4.755341645237165;2.37;15.42603087425232;MLP;TSLA
TSLA;{'activation': 'identity', 'alpha': 0.0001, 'hidden_layer_sizes': (4, 6, 1), 'max_iter': 500, 'solver': 'adam'};6;203.3976388928692;14.261754411462467;10.311634817933792;5.491994313825568;2.73;12.38985538482666;MLP;TSLA
TSLA;{'activation': 'identity', 'alpha': 0.001, 'hidden_layer_sizes': (6, 18, 1), 'max_iter': 500, 'solver': 'adam'};7;217.5008022350723;14.74790840204374;10.861445037092182;5.774286120889638;2.87;14.998496770858765;MLP;TSLA
c.lynx;{'C': 12550, 'epsilon': 0.1, 'gamma': 1e-05, 'kernel': 'rbf'};0;2751586.340270149;1658.7906258084984;805.1275539643952;153.8099131470031;47.29;13.96320390701294;SVR;canadian
c.lynx;{'C': 125550, 'epsilon': 0.1, 'gamma': 1e-06, 'kernel': 'rbf'};1;1111000.6677106898;1054.0401641828882;617.8490207827884;100.98571616036422;30.49;0.6037702560424805;SVR;canadian
c.lynx;{'C': 1255555, 'epsilon': 0.1, 'gamma': 1e-05, 'kernel': 'rbf'};2;764210.8697083336;874.1915520687292;448.92195440095;160.41014480726864;27.89;0.966106653213501;SVR;canadian
c.lynx;{'C': 1255555, 'epsilon': 0.1, 'gamma': 1e-06, 'kernel': 'rbf'};3;726960.0349085802;852.6195135631017;356.2049179377583;111.89994981181606;25.32;1.6135857105255127;SVR;canadian
c.lynx;{'C': 1255555, 'epsilon': 0.1, 'gamma': 1e-06, 'kernel': 'rbf'};4;637867.2923416988;798.6659454000144;490.2178624230111;171.92682504974283;27.4;1.861698627471924;SVR;canadian
c.lynx;{'C': 1255555, 'epsilon': 0.0001, 'gamma': 1e-05, 'kernel': 'rbf'};5;1386511.29294596;1177.5021413763798;852.9096266588871;205.9633711737895;45.68;1.589677810668945;SVR;canadian
c.lynx;{'C': 12550, 'epsilon': 0.001, 'gamma': 1e-08, 'kernel': 'rbf'};6;2613572.2593008727;1616.6546505982262;682.1021859602834;145.54344375996897;45.41;1.060086965560913;SVR;canadian
c.lynx;{'C': 1255555, 'epsilon': 0.1, 'gamma': 1e-05, 'kernel': 'rbf'};7;712801.9935958186;844.2760174231047;505.68201950122966;181.70570964982772;31.57;1.0729601383209229;SVR;canadian
c.lynx;{'C': 1255555, 'epsilon': 0.0001, 'gamma': 1e-07, 'kernel': 'rbf'};8;617076.7589022398;785.5423342521012;480.0581029770128;114.75777433882824;32.66;0.9724686145782472;SVR;canadian
c.lynx;{'C': 1255555, 'epsilon': 0.1, 'gamma': 1e-05, 'kernel': 'rbf'};9;843910.7019642694;918.6461244485112;429.33573438168105;235.9725542972274;34.56;1.137094020843506;SVR;canadian
c.lynx;{'C': 12550, 'epsilon': 0.01, 'gamma': 1e-08, 'kernel': 'rbf'};10;2245707.260404501;1498.5684036454595;567.1562320732309;144.3478400085977;43.67;0.9762473106384276;SVR;canadian
c.lynx;{'C': 12550, 'epsilon': 0.0001, 'gamma': 1e-05, 'kernel': 'rbf'};11;603128.2958489135;776.6133502901644;416.00742960221305;136.26370732368096;30.32;0.907749891281128;SVR;canadian
c.lynx;{'C': 1255555, 'epsilon': 0.0001, 'gamma': 1e-07, 'kernel': 'rbf'};12;655930.8809389815;809.8955987897339;582.2276060575246;144.6987693523164;26.52;0.7763998508453369;SVR;canadian
c.lynx;{'C': 125550, 'epsilon': 0.0001, 'gamma': 1e-06, 'kernel': 'rbf'};13;560756.5037928506;748.8367671214139;485.9912053927235;141.1354275625713;31.1;0.6944050788879395;SVR;canadian
c.lynx;{'C': 1255555, 'epsilon': 0.0001, 'gamma': 1e-08, 'kernel': 'rbf'};14;858752.0861904996;926.6887752587164;576.2353462620101;129.86437401175442;33.69;0.7162079811096191;SVR;canadian
c.lynx;{'C': 12550, 'epsilon': 0.1, 'gamma': 1e-08, 'kernel': 'rbf'};15;1919990.5610122865;1385.6372400496048;584.3199990831821;142.9556006402915;40.8;0.6641864776611328;SVR;canadian
c.lynx;{'C': 12550, 'epsilon': 0.1, 'gamma': 1e-08, 'kernel': 'rbf'};16;1947054.5714429845;1395.368973226431;543.2508732606709;137.74785193522524;40.8;0.6994493007659912;SVR;canadian
c.lynx;{'C': 1255555, 'epsilon': 0.1, 'gamma': 1e-08, 'kernel': 'rbf'};17;712667.7244524601;844.1964963516847;486.7967831704837;98.40505155340033;30.05;0.8385879993438721;SVR;canadian
c.lynx;{'C': 12550, 'epsilon': 0.1, 'gamma': 1e-08, 'kernel': 'rbf'};18;1825215.50582986;1351.0053685422054;556.2537061841431;144.50355513124703;40.27;1.036069631576538;SVR;canadian
c.lynx;{'C': 12550, 'epsilon': 0.1, 'gamma': 1e-08, 'kernel': 'rbf'};19;1819150.724550042;1348.758957171385;557.5239576124471;141.6870290803758;39.96;0.8155207633972168;SVR;canadian
c.lynx;{'C': 12550, 'epsilon': 0.1, 'gamma': 1e-08, 'kernel': 'rbf'};20;1762931.9739080984;1327.754485553748;575.2486456608917;143.98324700171878;39.42;0.766817569732666;SVR;canadian
c.lynx;{'C': 12550, 'epsilon': 0.1, 'gamma': 1e-08, 'kernel': 'rbf'};21;1745608.1336271446;1321.2146432836507;582.586403253598;144.65911291322462;39.27;0.7955422401428223;SVR;canadian
c.lynx;{'C': 12550, 'epsilon': 0.1, 'gamma': 1e-07, 'kernel': 'rbf'};22;904374.0103374532;950.9858097455782;344.82534817222006;95.20732410752272;33.31;0.7975926399230957;SVR;canadian
c.lynx;{'C': 1255555, 'epsilon': 0.1, 'gamma': 1e-08, 'kernel': 'rbf'};23;633875.7800196707;796.1631616821207;529.7365531132549;114.40863993102224;41.95;0.7893314361572266;SVR;canadian
c.lynx;{'C': 1255555, 'epsilon': 0.1, 'gamma': 1e-08, 'kernel': 'rbf'};24;902368.761818164;949.9309247614608;712.1764723102106;131.6315875249632;42.96;0.8003547191619873;SVR;canadian
IBM;{'C': 12550, 'epsilon': 0.1, 'gamma': 1e-05, 'kernel': 'rbf'};0;468.4930386600259;21.644700013167792;19.73071299505495;16.57373934393444;9.13;10.311135292053224;SVR;IBM
IBM;{'C': 125550, 'epsilon': 0.01, 'gamma': 1e-05, 'kernel': 'rbf'};1;2.353355850803169;1.5340651390352265;0.8503095134114744;0.964160034037728;0.48;1.6018168926239014;SVR;IBM
IBM;{'C': 125550, 'epsilon': 0.001, 'gamma': 1e-06, 'kernel': 'rbf'};2;2.272396506229921;1.5074470160605715;0.9251024935965688;0.9514849922723498;0.48;1.5841779708862305;SVR;IBM
IBM;{'C': 125550, 'epsilon': 0.01, 'gamma': 1e-05, 'kernel': 'rbf'};3;7.177725545849044;2.679127758403665;1.546012323481051;1.6645581371637526;0.82;1.400665521621704;SVR;IBM
IBM;{'C': 125550, 'epsilon': 0.1, 'gamma': 1e-05, 'kernel': 'rbf'};4;10.748821271427309;3.2785395028011037;2.224910078949364;2.1304659731702964;1.05;1.2982304096221924;SVR;IBM
IBM;{'C': 12550, 'epsilon': 0.01, 'gamma': 1e-05, 'kernel': 'rbf'};5;2.344773938364205;1.531265469591803;0.8911913351465586;0.964102136046312;0.48;1.4577243328094482;SVR;IBM
IBM;{'C': 125550, 'epsilon': 0.01, 'gamma': 1e-06, 'kernel': 'rbf'};6;2.3924558104567124;1.5467565453091552;0.8818836192394315;0.9713690866276068;0.48;1.5843589305877686;SVR;IBM
IBM;{'C': 12550, 'epsilon': 0.001, 'gamma': 1e-05, 'kernel': 'rbf'};7;2.365162391874561;1.5379084471692588;0.9737456081196711;0.9772324225381824;0.49;1.685002326965332;SVR;IBM
IBM;{'C': 125550, 'epsilon': 0.001, 'gamma': 1e-06, 'kernel': 'rbf'};8;2.6185976422323702;1.618208157880923;0.945837858922026;1.0180590628021378;0.51;2.59293532371521;SVR;IBM
IBM;{'C': 12550, 'epsilon': 0.0001, 'gamma': 1e-05, 'kernel': 'rbf'};9;3.1904075194845043;1.7861711898596129;1.0880391513807908;1.1265332766404417;0.56;3.735727548599243;SVR;IBM
IBM;{'C': 12550, 'epsilon': 0.001, 'gamma': 1e-05, 'kernel': 'rbf'};10;3.400875126384669;1.8441461781498425;1.148654695468842;1.1616575547571997;0.58;7.367507219314575;SVR;IBM
IBM;{'C': 12550, 'epsilon': 0.01, 'gamma': 1e-05, 'kernel': 'rbf'};11;6.767558499913899;2.6014531515893;2.245857313411932;1.906938657312062;0.96;4.359983444213867;SVR;IBM
IBM;{'C': 12550, 'epsilon': 0.01, 'gamma': 1e-05, 'kernel': 'rbf'};12;2.7294636847088034;1.6521088598239535;1.0352072885997572;1.0646103827245177;0.53;3.333348035812378;SVR;IBM
IBM;{'C': 125550, 'epsilon': 0.01, 'gamma': 1e-06, 'kernel': 'rbf'};13;14.004039723626557;3.742197178613997;3.4349300182814204;2.816618384328754;1.43;3.171121597290039;SVR;IBM
IBM;{'C': 125550, 'epsilon': 0.01, 'gamma': 1e-06, 'kernel': 'rbf'};14;4.631322608999667;2.1520507914544367;1.442663728070599;1.3975924553807768;0.69;3.191518545150757;SVR;IBM
IBM;{'C': 125550, 'epsilon': 0.01, 'gamma': 1e-06, 'kernel': 'rbf'};15;3.0638852617570795;1.7503957443267164;1.0703029713899357;1.1067936073945228;0.55;4.301566123962402;SVR;IBM
sunspot;{'C': 12550, 'epsilon': 0.0001, 'gamma': 1e-05, 'kernel': 'rbf'};0;339193.0564356461;582.4028300374631;488.0014278146191;74.0078716584455;70.01;47.78952217102051;SVR;sunspot
sunspot;{'C': 12550, 'epsilon': 0.0001, 'gamma': 1e-05, 'kernel': 'rbf'};1;7038.698599834976;83.8969522678564;31.42597490174103;8.724112261763633;4.5;14.609557867050173;SVR;sunspot
sunspot;{'C': 12550, 'epsilon': 0.0001, 'gamma': 1e-05, 'kernel': 'rbf'};2;17644.5955155277;132.8329609529491;50.28833466985572;12.016987002913094;6.64;6.566430807113648;SVR;sunspot
sunspot;{'C': 12550, 'epsilon': 0.01, 'gamma': 1e-05, 'kernel': 'rbf'};3;79581.0574422514;282.10114753799104;138.28036999475788;27.316895966301196;16.96;8.053142786026001;SVR;sunspot
sunspot;{'C': 12550, 'epsilon': 0.0001, 'gamma': 1e-05, 'kernel': 'rbf'};4;41482.43206275857;203.67236450426597;67.3546080082703;16.324357419356385;9.49;11.50439977645874;SVR;sunspot
sunspot;{'C': 12550, 'epsilon': 0.01, 'gamma': 1e-06, 'kernel': 'rbf'};5;8645.371068544402;92.98048756886791;43.20539634462831;10.331326142388455;5.19;10.088513135910034;SVR;sunspot
sunspot;{'C': 12550, 'epsilon': 0.01, 'gamma': 1e-06, 'kernel': 'rbf'};6;10697.350330129331;103.4279958721493;38.871051949401306;11.680368159809904;5.58;5.149320125579834;SVR;sunspot
sunspot;{'C': 12550, 'epsilon': 0.01, 'gamma': 1e-06, 'kernel': 'rbf'};7;8308.018686473763;91.14833342674876;40.02953540959868;9.945202946503606;5.04;5.972047090530396;SVR;sunspot
sunspot;{'C': 12550, 'epsilon': 0.01, 'gamma': 1e-06, 'kernel': 'rbf'};8;7777.813939614939;88.19191538692726;37.671216853634405;9.329270681410025;4.76;5.736526966094971;SVR;sunspot
sunspot;{'C': 12550, 'epsilon': 0.01, 'gamma': 1e-05, 'kernel': 'rbf'};9;71020.31762384345;266.4963745041261;99.82790080596276;21.520391507559143;13.33;5.800358772277832;SVR;sunspot
sunspot;{'C': 12550, 'epsilon': 0.01, 'gamma': 1e-05, 'kernel': 'rbf'};10;142505.6783005304;377.4992427814;206.4020961162308;37.3523435544724;25.69;6.054999828338623;SVR;sunspot
sunspot;{'C': 12550, 'epsilon': 0.01, 'gamma': 1e-05, 'kernel': 'rbf'};11;18100.240127077588;134.53713289303286;37.6599136659309;11.634733994021932;6.11;6.285441875457764;SVR;sunspot
sunspot;{'C': 12550, 'epsilon': 0.01, 'gamma': 1e-05, 'kernel': 'rbf'};12;144605.22373076825;380.2699353495728;187.07742892442852;35.46874354423291;24.5;6.275148153305054;SVR;sunspot
sunspot;{'C': 12550, 'epsilon': 0.01, 'gamma': 1e-05, 'kernel': 'rbf'};13;76847.74430783672;277.2142570428814;101.47676434715277;22.029001680564857;13.76;5.526747703552246;SVR;sunspot
sunspot;{'C': 12550, 'epsilon': 0.01, 'gamma': 1e-05, 'kernel': 'rbf'};14;131341.4426524183;362.41059953099926;173.0664022827626;32.58969941631137;22.06;5.4767231941223145;SVR;sunspot
sunspot;{'C': 12550, 'epsilon': 0.01, 'gamma': 1e-05, 'kernel': 'rbf'};15;85120.66274126826;291.75445624920326;115.64176411043718;24.28605484957602;15.33;5.950201034545898;SVR;sunspot
sunspot;{'C': 12550, 'epsilon': 0.01, 'gamma': 1e-05, 'kernel': 'rbf'};16;81935.01129694784;286.2429235753224;93.95327669875924;21.582768563942384;13.62;3.79555606842041;SVR;sunspot
sunspot;{'C': 12550, 'epsilon': 0.01, 'gamma': 1e-05, 'kernel': 'rbf'};17;204430.02365073035;452.139385201876;309.7797580318693;51.81663884669005;39.0;3.9454562664031982;SVR;sunspot
TSLA;{'C': 12550, 'epsilon': 0.1, 'gamma': 1e-05, 'kernel': 'rbf'};0;37491.739761276905;193.62783829108076;189.872332572937;83.88434036780016;72.46;0.9864699840545654;SVR;TSLA
TSLA;{'C': 12550, 'epsilon': 0.1, 'gamma': 1e-05, 'kernel': 'rbf'};1;72.23354019042164;8.49903172075629;6.583698028657388;3.312665050542785;1.64;1.219231128692627;SVR;TSLA
TSLA;{'C': 125550, 'epsilon': 0.0001, 'gamma': 1e-05, 'kernel': 'rbf'};2;70.51749334146467;8.397469460585413;6.390353908348736;3.244448502680468;1.62;1.3376154899597168;SVR;TSLA
TSLA;{'C': 125550, 'epsilon': 0.01, 'gamma': 1e-05, 'kernel': 'rbf'};3;73.02774060614209;8.545626987304214;6.328032033449034;3.2532249532556894;1.64;1.318352460861206;SVR;TSLA
TSLA;{'C': 125550, 'epsilon': 0.1, 'gamma': 1e-05, 'kernel': 'rbf'};4;71.73810704254775;8.469835124873905;6.227020697212538;3.2652422266523304;1.62;1.179063081741333;SVR;TSLA
TSLA;{'C': 125550, 'epsilon': 0.01, 'gamma': 1e-05, 'kernel': 'rbf'};5;116.30549852933214;10.784502701994754;7.063306278110929;3.9377182352576376;1.97;1.5986196994781494;SVR;TSLA
TSLA;{'C': 125550, 'epsilon': 0.001, 'gamma': 1e-05, 'kernel': 'rbf'};6;82.68648144325762;9.093210733467998;6.191369782955064;3.438401917892121;1.74;1.4133999347686768;SVR;TSLA
TSLA;{'C': 125550, 'epsilon': 0.0001, 'gamma': 1e-05, 'kernel': 'rbf'};7;71.23871752948058;8.440303165732887;6.1498890139405376;3.212775620816837;1.61;1.285681962966919;SVR;TSLA
TSLA;{'C': 125550, 'epsilon': 0.1, 'gamma': 1e-05, 'kernel': 'rbf'};8;73.22203414907297;8.556987445887307;6.347062209040757;3.309777253230032;1.64;1.1013145446777344;SVR;TSLA
TSLA;{'C': 125550, 'epsilon': 0.01, 'gamma': 1e-05, 'kernel': 'rbf'};9;96.75478676618934;9.836401108443544;6.77028910107569;3.739917271383932;1.9;1.5857694149017334;SVR;TSLA
TSLA;{'C': 125550, 'epsilon': 0.01, 'gamma': 1e-06, 'kernel': 'rbf'};10;76.25865034667095;8.7326199016487;6.195361594946007;3.39578639861178;1.68;1.529608964920044;SVR;TSLA
TSLA;{'C': 125550, 'epsilon': 0.0001, 'gamma': 1e-06, 'kernel': 'rbf'};11;73.69415348830896;8.584529893262005;6.277427680153465;3.307064218161285;1.64;1.5017058849334717;SVR;TSLA
TSLA;{'C': 125550, 'epsilon': 0.001, 'gamma': 1e-05, 'kernel': 'rbf'};12;172.8345604061163;13.146655863987476;8.717699256089134;4.609625229570391;2.37;1.7751100063323977;SVR;TSLA
TSLA;{'C': 125550, 'epsilon': 0.01, 'gamma': 1e-05, 'kernel': 'rbf'};13;123.7021228412819;11.122145604211532;7.134705408772334;3.886698855092982;1.99;1.5399792194366455;SVR;TSLA
TSLA;{'C': 12550, 'epsilon': 0.01, 'gamma': 1e-05, 'kernel': 'rbf'};14;71.40294292350502;8.450026208450778;6.265477935701483;3.20159979318912;1.6;1.6765320301055908;SVR;TSLA
TSLA;{'C': 125550, 'epsilon': 0.0001, 'gamma': 1e-05, 'kernel': 'rbf'};15;131.33807311507502;11.460282418643748;7.385068138278001;4.059942207016534;2.07;2.158455610275269;SVR;TSLA
TSLA;{'C': 125550, 'epsilon': 0.0001, 'gamma': 1e-06, 'kernel': 'rbf'};16;80.64328892638025;8.98016085192132;6.146063000042261;3.3601523271453373;1.67;1.600370168685913;SVR;TSLA
TSLA;{'C': 125550, 'epsilon': 0.01, 'gamma': 1e-06, 'kernel': 'rbf'};17;75.87991098095698;8.710907586523748;6.384888278545304;3.296149571519782;1.66;1.72756028175354;SVR;TSLA
TSLA;{'C': 12550, 'epsilon': 0.0001, 'gamma': 1e-05, 'kernel': 'rbf'};18;71.97968789129283;8.484084387327417;6.344890405212766;3.2168730589663865;1.61;1.588036298751831;SVR;TSLA
TSLA;{'C': 125550, 'epsilon': 0.001, 'gamma': 1e-06, 'kernel': 'rbf'};19;74.99514187944534;8.659973549581162;6.037225921855622;3.288784730002116;1.66;1.5799925327301023;SVR;TSLA
TSLA;{'C': 125550, 'epsilon': 0.01, 'gamma': 1e-06, 'kernel': 'rbf'};20;75.82432941648166;8.70771665917545;6.238674577243685;3.3608610779917525;1.68;1.580471754074097;SVR;TSLA
TSLA;{'C': 12550, 'epsilon': 0.0001, 'gamma': 1e-05, 'kernel': 'rbf'};21;84.16554289440207;9.174178050070866;6.189582163532066;3.478346582171041;1.74;1.6299500465393066;SVR;TSLA
TSLA;{'C': 12550, 'epsilon': 0.001, 'gamma': 1e-05, 'kernel': 'rbf'};22;79.91049578000509;8.939267071746157;6.335565128762312;3.395193569296663;1.7;1.6511380672454834;SVR;TSLA
TSLA;{'C': 12550, 'epsilon': 0.01, 'gamma': 1e-05, 'kernel': 'rbf'};23;73.32344927503713;8.562911261658451;6.413354916916205;3.2891555119612894;1.65;1.6177713871002195;SVR;TSLA
TSLA;{'C': 125550, 'epsilon': 0.01, 'gamma': 1e-06, 'kernel': 'rbf'};24;78.6746604693474;8.869873757238453;6.532336362208014;3.393327331411037;1.7;2.3603949546813965;SVR;TSLA
