Dataset;Best Params;n_time_steps;MSE;RMSE;MAE;MAPE;sMAPE;Duration;model;dataset
c.lynx; ARIMA(2,0,1)(0,0,2)[12] intercept;1;1133072.4484493842;1064.458758453978;768.2678431379995;168.43986123755008;33.61;55.35192346572876;ARIMA;Canadian Lynx
c.lynx; ARIMA(0,0,0)(0,0,0)[12] intercept;2;1649468.7508611828;1284.3164527721283;1141.662921348315;326.4721686645134;42.14;10.281720638275146;ARIMA;Canadian Lynx
c.lynx; ARIMA(0,0,0)(1,0,1)[12] intercept;3;771588.6454011692;878.40118704449;781.5366609295723;208.7007715702522;33.03;58.24079632759094;ARIMA;Canadian Lynx
c.lynx; ARIMA(0,0,0)(0,0,1)[12] intercept;4;1402221.6947605673;1184.154421838878;998.7606220319632;290.932313435485;46.98;32.38034224510193;ARIMA;Canadian Lynx
c.lynx; ARIMA(0,0,0)(0,0,0)[12] intercept;5;1387238.9179135873;1177.8110705514646;1086.0;376.86791066320586;43.08;11.861447095870972;ARIMA;Canadian Lynx
c.lynx; ARIMA(0,0,1)(0,0,0)[12] intercept;6;1436029.3216437092;1198.3444086086893;1122.568985738107;394.5667802589393;43.37;23.66133499145508;ARIMA;Canadian Lynx
c.lynx; ARIMA(1,0,0)(0,0,0)[12]          ;7;2682262.073128811;1637.761299191311;1029.011726866359;219.9066014727665;60.82;49.41623854637146;ARIMA;Canadian Lynx
c.lynx; ARIMA(0,0,0)(0,0,0)[12]          ;8;3616219.933333333;1901.63612011692;1132.0;100.0;100.0;12.486278772354126;ARIMA;Canadian Lynx
c.lynx; ARIMA(0,0,0)(0,0,0)[12]          ;9;3873688.214285714;1968.1687463949104;1334.5;100.0;100.0;13.217244148254396;ARIMA;Canadian Lynx
c.lynx; ARIMA(0,0,0)(0,0,0)[12]          ;10;4167630.307692308;2041.47748155406;1537.0;100.0;100.0;36.945889711380005;ARIMA;Canadian Lynx
c.lynx; ARIMA(0,0,0)(0,0,0)[12]          ;11;4501666.083333333;2121.713006825695;1563.5;100.0;100.0;24.61217188835144;ARIMA;Canadian Lynx
c.lynx; ARIMA(0,0,1)(0,0,0)[12] intercept;12;1441240.4490819054;1200.516742524612;893.3000222703242;70.83806610147177;30.17;108.416574716568;ARIMA;Canadian Lynx
IBM; ARIMA(0,0,0)(0,0,0)[12] intercept;1;62.63282386775085;7.914090210993987;6.210633504487788;4.878218741577261;2.46;25.17059326171875;ARIMA;IBM Stock prices
IBM; ARIMA(1,0,1)(0,0,0)[12] intercept;2;60.12862061946668;7.754264673034232;6.40506440521041;4.895886249518261;2.44;120.25006794929504;ARIMA;IBM Stock prices
IBM; ARIMA(0,0,0)(0,0,0)[12] intercept;3;63.092052594309;7.943050584901811;6.251938267758021;4.898410206740457;2.47;77.57924056053162;ARIMA;IBM Stock prices
IBM; ARIMA(0,0,0)(0,0,0)[12] intercept;4;63.323308821940905;7.957594411751638;6.274997711181641;4.907333882019356;2.48;78.34026575088501;ARIMA;IBM Stock prices
IBM; ARIMA(0,0,0)(0,0,0)[12] intercept;5;63.54603942602723;7.971576972345386;6.264176021086001;4.914829443439469;2.48;62.83390045166016;ARIMA;IBM Stock prices
IBM; ARIMA(0,0,0)(0,0,0)[12] intercept;6;63.78835278408587;7.986761094717049;6.2649993896484375;4.9249431611846815;2.49;80.52767300605774;ARIMA;IBM Stock prices
IBM; ARIMA(0,0,0)(0,0,0)[12] intercept;7;64.04819534785159;8.003011642366365;6.30360255471831;4.940450227675895;2.49;111.29157209396362;ARIMA;IBM Stock prices
IBM; ARIMA(0,0,0)(0,0,0)[12] intercept;8;64.30410040999162;8.018983751697693;6.314998626708984;4.952581301525184;2.5;79.90966582298279;ARIMA;IBM Stock prices
IBM; ARIMA(0,0,0)(0,0,0)[12] intercept;9;64.51722434140426;8.032261471180098;6.344363799844331;4.9595695940564095;2.5;91.75285577774048;ARIMA;IBM Stock prices
IBM; ARIMA(0,0,0)(0,0,0)[12] intercept;10;64.70479149421716;8.043928859345858;6.364997863769531;4.964719125214416;2.51;119.9711046218872;ARIMA;IBM Stock prices
IBM; ARIMA(0,0,0)(0,0,0)[12] intercept;11;64.84209530151445;8.05245895993978;6.345889763544051;4.966752880275696;2.51;136.67911648750305;ARIMA;IBM Stock prices
IBM; ARIMA(0,0,0)(0,0,0)[12] intercept;12;64.98707795174937;8.06145631705273;6.330001831054688;4.969150971850623;2.51;166.87002515792847;ARIMA;IBM Stock prices
sunspot; ARIMA(1,0,1)(0,0,1)[12] intercept;1;4624.788346355728;68.0057964173329;56.31622678790825;inf;38.55;102.87830090522766;ARIMA;Sunspot Numbers
sunspot; ARIMA(0,0,2)(0,0,2)[12] intercept;2;4642.294679714798;68.13438691083084;54.079526478196186;inf;38.66;184.1234745979309;ARIMA;Sunspot Numbers
sunspot; ARIMA(0,0,1)(0,0,2)[12] intercept;3;4635.739796521028;68.08626731229307;54.04138180409343;inf;38.63;86.6391327381134;ARIMA;Sunspot Numbers
sunspot; ARIMA(0,0,1)(0,0,2)[12] intercept;4;4636.136529497015;68.0891807080759;53.94263844820651;inf;38.66;95.51510310173036;ARIMA;Sunspot Numbers
sunspot; ARIMA(1,0,0)(1,0,0)[12] intercept;5;4617.372672547005;67.951252177918;53.719179237150826;inf;38.56;55.14738583564758;ARIMA;Sunspot Numbers
sunspot; ARIMA(0,0,0)(1,0,1)[12] intercept;6;4634.840040606703;68.07965952181829;55.44767466922721;inf;38.66;70.94050288200378;ARIMA;Sunspot Numbers
sunspot; ARIMA(0,0,0)(1,0,1)[12] intercept;7;4639.625097810649;68.11479353129282;55.64659257405752;inf;38.73;89.76031756401062;ARIMA;Sunspot Numbers
sunspot; ARIMA(1,0,0)(1,0,0)[12] intercept;8;4624.917066465654;68.00674280147267;53.88718441953395;inf;38.65;149.25015664100647;ARIMA;Sunspot Numbers
sunspot; ARIMA(0,0,1)(0,0,1)[12] intercept;9;4665.475446082453;68.30428570801728;54.150000000000006;inf;38.94;160.93807005882263;ARIMA;Sunspot Numbers
sunspot; ARIMA(1,0,0)(1,0,0)[12] intercept;10;4632.079947046224;68.05938544422969;53.90823016234016;inf;38.73;185.28786277771;ARIMA;Sunspot Numbers
sunspot; ARIMA(0,0,1)(0,0,1)[12] intercept;11;4673.666373369888;68.3642185164863;53.75000000000001;inf;38.98;288.2929263114929;ARIMA;Sunspot Numbers
sunspot; ARIMA(0,0,1)(0,0,1)[12] intercept;12;4673.893716529145;68.36588123127753;54.03412177636375;inf;39.0;228.72605538368225;ARIMA;Sunspot Numbers
TSLA; ARIMA(0,1,0)(0,0,0)[0]          ;1;3583.6706680051834;59.86376757275793;42.28666687011719;27.11801247325678;10.94;14.885243892669678;ARIMA;TSLA Stock prices
TSLA; ARIMA(0,1,0)(0,0,0)[0]          ;2;3594.16685422562;59.95137074517663;42.78333282470703;27.189670596119324;10.97;9.81119990348816;ARIMA;TSLA Stock prices
TSLA; ARIMA(0,1,0)(0,0,0)[0]          ;3;3603.695304468853;60.030786305602;43.27999877929688;27.245433218935784;10.99;23.91665530204773;ARIMA;TSLA Stock prices
TSLA; ARIMA(0,1,0)(0,0,0)[0]          ;4;3613.5443432770858;60.11276356379805;43.58499145507815;27.30471032318541;11.02;29.86830759048462;ARIMA;TSLA Stock prices
TSLA; ARIMA(0,1,0)(0,0,0)[0]          ;5;3620.199837506028;60.16809650891432;43.8899841308594;27.335294767219825;11.02;22.820738077163696;ARIMA;TSLA Stock prices
TSLA; ARIMA(0,1,0)(0,0,0)[0]          ;6;3626.782844197997;60.22277678916837;43.92499542236328;27.36525917585079;11.03;27.18254828453064;ARIMA;TSLA Stock prices
TSLA; ARIMA(0,1,0)(0,0,0)[0]          ;7;3630.8457128868376;60.25649934145559;43.8899841308594;27.37853225303088;11.04;31.720552444458008;ARIMA;TSLA Stock prices
TSLA; ARIMA(0,1,0)(0,0,0)[0]          ;8;3638.083645353966;60.31652879065543;43.92499542236328;27.413052593814648;11.05;52.78342938423157;ARIMA;TSLA Stock prices
TSLA; ARIMA(3,1,0)(0,0,0)[0] intercept;9;7141.813109705024;84.5092486637115;65.69746629146294;39.61736530561255;15.07;65.71160435676575;ARIMA;TSLA Stock prices
TSLA; ARIMA(0,1,0)(0,0,0)[0]          ;10;3659.598819459757;60.494618103264;44.04999542236328;27.55906379318871;11.1;44.49105453491211;ARIMA;TSLA Stock prices
TSLA; ARIMA(0,1,0)(0,0,0)[0]          ;11;3670.741323494805;60.586643111289845;44.13998413085935;27.6384827429849;11.14;41.9787905216217;ARIMA;TSLA Stock prices
TSLA; ARIMA(0,1,0)(0,0,0)[0]          ;12;3681.591110333049;60.67611647372505;44.24999237060547;27.708735657374856;11.16;50.5607225894928;ARIMA;TSLA Stock prices
c.lynx;LSTM (88,88,88) n_time_steps=1 epochs=100;1;7525965.919087246;2743.349397923503;2947.046432495117;81.3351426945413;76.84;110.84691071510316;LSTM;Canadian Lynx
c.lynx;LSTM (88,88,88) n_time_steps=2 epochs=100;2;5152045.899627118;2269.8118643683047;1714.4157104492188;76.3741283575502;64.28;101.43463253974916;LSTM;Canadian Lynx
c.lynx;LSTM (88,88,88) n_time_steps=3 epochs=100;3;3671025.557062572;1915.9920555844096;297.0;62.56519846492616;49.68;112.23868155479433;LSTM;Canadian Lynx
c.lynx;LSTM (88,88,88) n_time_steps=4 epochs=100;4;2303348.611908018;1517.6786919200051;74.50000381469727;54.38330805248387;39.58;131.7504539489746;LSTM;Canadian Lynx
c.lynx;LSTM (88,88,88) n_time_steps=5 epochs=100;5;67190.5330755303;259.211367566182;74.5;50.684799893656376;33.13;143.1646740436554;LSTM;Canadian Lynx
c.lynx;LSTM (88,88,88) n_time_steps=6 epochs=100;6;186373.6165415697;431.7101070644162;74.5;52.51080767360712;35.05;155.46268773078918;LSTM;Canadian Lynx
c.lynx;LSTM (88,88,88) n_time_steps=7 epochs=100;7;1090123.823487162;1044.0899499023835;204.804443359375;58.069046179179736;47.04;154.30920672416687;LSTM;Canadian Lynx
c.lynx;LSTM (88,88,88) n_time_steps=8 epochs=100;8;3093075.019242653;1758.7140242923672;657.2522659301758;68.131270030344;60.23;164.08007717132568;LSTM;Canadian Lynx
c.lynx;LSTM (88,88,88) n_time_steps=9 epochs=100;9;4423648.915595134;2103.247231210619;1673.3997955322266;84.09338533535995;75.63;177.23985719680786;LSTM;Canadian Lynx
c.lynx;LSTM (88,88,88) n_time_steps=10 epochs=100;10;4749342.417701458;2179.298606823181;1872.7420043945312;90.55277205882896;83.75;191.15282440185547;LSTM;Canadian Lynx
c.lynx;LSTM (88,88,88) n_time_steps=11 epochs=100;11;4762158.520032884;2182.2370448768584;1872.1016006469729;91.65241879979972;85.16;204.3557708263397;LSTM;Canadian Lynx
c.lynx;LSTM (88,88,88) n_time_steps=12 epochs=100;12;4612579.086091743;2147.691571453346;1872.253147125244;89.4590270927793;81.92;215.9894299507141;LSTM;Canadian Lynx
IBM;LSTM (8,18,8) n_time_steps=1 epochs=100;1;766.654952467458;27.68853467533914;26.8228759765625;20.85456585327278;11.65;2176.022772789001;LSTM;IBM Stock prices
IBM;LSTM (8,18,8) n_time_steps=2 epochs=100;2;14.50091653231842;3.808006897619596;2.923004150390625;2.5041577433305475;1.27;2605.6125028133392;LSTM;IBM Stock prices
IBM;LSTM (8,18,8) n_time_steps=3 epochs=100;3;8.410945259267464;2.900162971156529;2.150550842285156;1.869269937743513;0.94;2550.0556733608246;LSTM;IBM Stock prices
IBM;LSTM (8,18,8) n_time_steps=4 epochs=100;4;12.664593021501789;3.558734750090513;2.75;2.2734227191008523;1.15;3352.0829622745514;LSTM;IBM Stock prices
IBM;LSTM (8,18,8) n_time_steps=5 epochs=100;5;19.575585933673818;4.424430577336909;3.6826095581054688;2.730379630727542;1.39;2968.4114055633545;LSTM;IBM Stock prices
IBM;LSTM (8,18,8) n_time_steps=6 epochs=100;6;27.138293712593924;5.209442744919453;5.3011016845703125;3.3250986116241847;1.7;1965.6482424736023;LSTM;IBM Stock prices
IBM;LSTM (8,18,8) n_time_steps=7 epochs=100;7;37.13898500105521;6.0941763185073015;6.32861328125;4.2001959365733095;2.15;2485.0052716732025;LSTM;IBM Stock prices
IBM;LSTM (8,18,8) n_time_steps=8 epochs=100;8;54.825031784673534;7.404392735712601;7.0923919677734375;5.133753984615194;2.64;2538.1642100811005;LSTM;IBM Stock prices
IBM;LSTM (8,18,8) n_time_steps=9 epochs=100;9;67.96995571507917;8.244389347615696;7.501876831054687;5.724060278078302;2.95;1945.955323457718;LSTM;IBM Stock prices
IBM;LSTM (8,18,8) n_time_steps=10 epochs=100;10;79.15926570227991;8.897149302011286;8.775779724121094;6.211568471773699;3.21;2143.1487460136414;LSTM;IBM Stock prices
IBM;LSTM (8,18,8) n_time_steps=11 epochs=100;11;79.79024947042733;8.93253880318621;8.743431091308594;6.242770605950972;3.22;2367.2641677856445;LSTM;IBM Stock prices
IBM;LSTM (8,18,8) n_time_steps=12 epochs=100;12;76.80866593553219;8.764055336174698;8.768539428710938;6.071079933475745;3.13;2486.28653049469;LSTM;IBM Stock prices
sunspot;LSTM (90,90,90) n_time_steps=1 epochs=100;1;436.9904305245228;20.90431607406764;11.405146789550784;9.982162485547091;5.29;364.58464074134827;LSTM;Sunspot Numbers
sunspot;LSTM (90,90,90) n_time_steps=2 epochs=100;2;307.1652169754714;17.52612954920371;11.25103302001952;9.188267756200135;4.63;338.9168629646301;LSTM;Sunspot Numbers
sunspot;LSTM (90,90,90) n_time_steps=3 epochs=100;3;393.6204826469891;19.839871034031173;11.01046600341796;10.74766341002839;5.43;304.96568727493286;LSTM;Sunspot Numbers
sunspot;LSTM (90,90,90) n_time_steps=4 epochs=100;4;339.8168905329628;18.434122993323083;11.163575744628917;9.980024611936107;4.97;394.09912633895874;LSTM;Sunspot Numbers
sunspot;LSTM (90,90,90) n_time_steps=5 epochs=100;5;381.6431555482596;19.53568927753151;15.265326690673824;11.154613447941175;5.52;426.7145662307739;LSTM;Sunspot Numbers
sunspot;LSTM (90,90,90) n_time_steps=6 epochs=100;6;700.4390086570314;26.46580829404293;17.86632537841797;15.308530906991573;6.63;505.2708730697632;LSTM;Sunspot Numbers
sunspot;LSTM (90,90,90) n_time_steps=7 epochs=100;7;451.6842610365255;21.25286477246128;18.981419372558605;14.0989554550782;6.6;539.1726613044739;LSTM;Sunspot Numbers
sunspot;LSTM (90,90,90) n_time_steps=8 epochs=100;8;289.5285269452325;17.015537809462046;14.055587768554688;11.188978009791532;5.39;641.697084903717;LSTM;Sunspot Numbers
sunspot;LSTM (90,90,90) n_time_steps=9 epochs=100;9;460.39186294427935;21.45674399680155;13.75633697509766;15.02633924747905;7.01;801.2323920726776;LSTM;Sunspot Numbers
sunspot;LSTM (90,90,90) n_time_steps=10 epochs=100;10;434.1025289271624;20.83512728368037;13.6499397277832;14.171990958166766;6.69;844.7791774272919;LSTM;Sunspot Numbers
sunspot;LSTM (90,90,90) n_time_steps=11 epochs=100;11;433.155787061135;20.81239503423705;14.405877685546884;14.148994791495117;6.57;1035.6890966892242;LSTM;Sunspot Numbers
sunspot;LSTM (90,90,90) n_time_steps=12 epochs=100;12;799.7418853824596;28.279708014448445;19.643156433105467;20.0923049748328;9.46;921.3835899829865;LSTM;Sunspot Numbers
TSLA;LSTM (88,88,98) n_time_steps=1 epochs=100;1;45964.80593772484;214.39404361531325;216.09769439697263;91.924197909575;85.06;701.099692106247;LSTM;TSLA Stock prices
TSLA;LSTM (88,88,98) n_time_steps=2 epochs=100;2;15155.642824847586;123.1082565259032;124.9817886352539;52.55823928168426;35.69;731.8308744430542;LSTM;TSLA Stock prices
TSLA;LSTM (88,88,98) n_time_steps=3 epochs=100;3;8866.310933316467;94.16109033627671;95.7288589477539;39.95110760231096;25.02;870.6625938415527;LSTM;TSLA Stock prices
TSLA;LSTM (88,88,98) n_time_steps=4 epochs=100;4;55742.05878902863;236.09756201415684;237.70614981651303;101.24203218954422;100.0;1090.252234458923;LSTM;TSLA Stock prices
TSLA;LSTM (88,88,98) n_time_steps=5 epochs=100;5;1266.5748042726482;35.588970261481975;35.44207763671875;13.852376172877348;7.52;1004.649252653122;LSTM;TSLA Stock prices
TSLA;LSTM (88,88,98) n_time_steps=6 epochs=100;6;4783.266423940542;69.16116268499643;69.82866668701172;28.774195733335038;16.87;1037.6838903427124;LSTM;TSLA Stock prices
TSLA;LSTM (88,88,98) n_time_steps=7 epochs=100;7;5123.814106140936;71.5808221952007;71.78274536132812;29.8526605832992;17.6;1152.692818403244;LSTM;TSLA Stock prices
TSLA;LSTM (88,88,98) n_time_steps=8 epochs=100;8;35007.5838322181;187.10313688502956;187.64697074890137;79.27914352911675;65.68;1407.9736392498016;LSTM;TSLA Stock prices
TSLA;LSTM (88,88,98) n_time_steps=9 epochs=100;9;20567.4196133541;143.41345687680115;143.03274154663086;60.815156416718985;43.72;1703.0036511421204;LSTM;TSLA Stock prices
TSLA;LSTM (88,88,98) n_time_steps=10 epochs=100;10;4439.625800869476;66.63051703888749;66.50774383544922;28.01725069996017;16.33;1309.5170884132383;LSTM;TSLA Stock prices
TSLA;LSTM (88,88,98) n_time_steps=11 epochs=100;11;1144.7464679681482;33.83410214514563;33.518211364746094;13.737773169970971;7.42;1451.3166344165802;LSTM;TSLA Stock prices
TSLA;LSTM (88,88,98) n_time_steps=12 epochs=100;12;9643.753058424414;98.2026122790245;98.9577407836914;41.88237143859116;26.52;1534.6175088882446;LSTM;TSLA Stock prices
c.lynx;{'activation': 'relu', 'alpha': 0.0001, 'hidden_layer_sizes': (6, 12, 1), 'max_iter': 500, 'solver': 'adam'};1;4752793.301035415;2180.0902047932364;1536.6831993715225;99.92514677946863;99.85;29.247299909591675;MLP;Canadian Lynx
c.lynx;{'activation': 'relu', 'alpha': 0.01, 'hidden_layer_sizes': (2, 6, 1), 'max_iter': 500, 'solver': 'adam'};2;820986.1526353885;906.0828619035836;465.0813245002596;62.67702491857615;37.07;40.92547225952149;MLP;Canadian Lynx
c.lynx;{'activation': 'relu', 'alpha': 0.01, 'hidden_layer_sizes': (2, 6, 1), 'max_iter': 500, 'solver': 'adam'};3;949974.294681492;974.6662478415328;566.6599079039822;69.12301042844977;30.8;30.828483819961548;MLP;Canadian Lynx
c.lynx;{'activation': 'relu', 'alpha': 0.01, 'hidden_layer_sizes': (2, 6, 1), 'max_iter': 500, 'solver': 'adam'};4;939078.1861514108;969.0604656838556;522.8017310066118;91.60518869654294;31.97;38.65466928482056;MLP;Canadian Lynx
c.lynx;{'activation': 'relu', 'alpha': 0.0001, 'hidden_layer_sizes': (2, 6, 1), 'max_iter': 500, 'solver': 'adam'};5;898401.1678347188;947.8402649364074;700.2603351003622;76.75813121926306;42.1;34.507983446121216;MLP;Canadian Lynx
c.lynx;{'activation': 'relu', 'alpha': 0.01, 'hidden_layer_sizes': (2, 6, 1), 'max_iter': 500, 'solver': 'adam'};6;867779.529590023;931.5468477698925;619.6142387638788;66.18186266726775;30.79;36.122406005859375;MLP;Canadian Lynx
c.lynx;{'activation': 'relu', 'alpha': 0.0001, 'hidden_layer_sizes': (6, 12, 1), 'max_iter': 500, 'solver': 'adam'};7;1044283.9050505572;1021.9021015002156;474.6320445653387;181.8921511646144;29.6;23.943935871124268;MLP;Canadian Lynx
c.lynx;{'activation': 'relu', 'alpha': 0.001, 'hidden_layer_sizes': (4, 6, 1), 'max_iter': 500, 'solver': 'adam'};8;875779.0408060687;935.8306688744864;323.2333177446118;93.8917207181639;33.65;28.2178053855896;MLP;Canadian Lynx
c.lynx;{'activation': 'relu', 'alpha': 0.001, 'hidden_layer_sizes': (6, 12, 1), 'max_iter': 500, 'solver': 'adam'};9;994907.4490307363;997.4504744751672;505.0878117791426;132.93271920485478;34.05;28.54071164131165;MLP;Canadian Lynx
c.lynx;{'activation': 'identity', 'alpha': 0.01, 'hidden_layer_sizes': (4, 6, 1), 'max_iter': 500, 'solver': 'adam'};10;985498.9552929244;992.723000284029;666.0165054719844;201.97431463273244;37.82;36.228073835372925;MLP;Canadian Lynx
c.lynx;{'activation': 'relu', 'alpha': 0.0001, 'hidden_layer_sizes': (2, 6, 1), 'max_iter': 500, 'solver': 'adam'};11;4166169.666507411;2041.1197090095943;1131.2568692613206;99.80992721151136;99.62;37.64295434951782;MLP;Canadian Lynx
c.lynx;{'activation': 'relu', 'alpha': 0.001, 'hidden_layer_sizes': (4, 6, 1), 'max_iter': 500, 'solver': 'adam'};12;1099246.845988314;1048.4497346026246;455.60681573350894;130.00408207058683;36.46;39.64352607727051;MLP;Canadian Lynx
IBM;{'activation': 'identity', 'alpha': 0.01, 'hidden_layer_sizes': (2, 6, 1), 'max_iter': 500, 'solver': 'adam'};1;2.927887814011358;1.7111071895154195;1.0372895975331886;0.9521196656276404;0.48;45.17789959907532;MLP;IBM Stock prices
IBM;{'activation': 'identity', 'alpha': 0.01, 'hidden_layer_sizes': (2, 6, 1), 'max_iter': 500, 'solver': 'adam'};2;3.2672744517759087;1.8075603590961795;1.130753523992894;1.0267230456244811;0.51;30.62769317626953;MLP;IBM Stock prices
IBM;{'activation': 'relu', 'alpha': 0.01, 'hidden_layer_sizes': (2, 6, 1), 'max_iter': 500, 'solver': 'adam'};3;4.378019132463251;2.092371652566353;1.383241157664315;1.2251129436690091;0.61;31.73318576812744;MLP;IBM Stock prices
IBM;{'activation': 'relu', 'alpha': 0.01, 'hidden_layer_sizes': (2, 6, 1), 'max_iter': 500, 'solver': 'adam'};4;5.912792573726397;2.431623444064972;1.6147843559189423;1.4617347799889342;0.73;58.02708888053894;MLP;IBM Stock prices
IBM;{'activation': 'relu', 'alpha': 0.01, 'hidden_layer_sizes': (2, 6, 1), 'max_iter': 500, 'solver': 'adam'};5;6.991019578053963;2.644053626168343;1.707375260541511;1.5982725477763255;0.8;31.87948608398437;MLP;IBM Stock prices
IBM;{'activation': 'identity', 'alpha': 0.0001, 'hidden_layer_sizes': (2, 6, 1), 'max_iter': 500, 'solver': 'adam'};6;4.698005484010512;2.167488289244145;1.4640644243520455;1.2874094081639895;0.64;42.74547147750855;MLP;IBM Stock prices
IBM;{'activation': 'identity', 'alpha': 0.0001, 'hidden_layer_sizes': (6, 12, 1), 'max_iter': 500, 'solver': 'adam'};7;5.988550411675679;2.4471514893188937;1.6852812673116944;1.463293365464625;0.73;42.39340424537659;MLP;IBM Stock prices
IBM;{'activation': 'relu', 'alpha': 0.01, 'hidden_layer_sizes': (4, 6, 1), 'max_iter': 500, 'solver': 'adam'};8;9.115777537967734;3.0192345947222674;2.2193348151497503;1.8195398460763048;0.91;45.41920709609985;MLP;IBM Stock prices
IBM;{'activation': 'relu', 'alpha': 0.01, 'hidden_layer_sizes': (6, 12, 1), 'max_iter': 500, 'solver': 'adam'};9;8.821250868269757;2.970059068144901;2.0334770278150955;1.7882219402495527;0.89;28.72392106056213;MLP;IBM Stock prices
IBM;{'activation': 'identity', 'alpha': 0.01, 'hidden_layer_sizes': (6, 18, 1), 'max_iter': 500, 'solver': 'adam'};10;6.430877189995292;2.535917425705201;1.7460737459760909;1.5085114552379617;0.75;41.685407400131226;MLP;IBM Stock prices
IBM;{'activation': 'identity', 'alpha': 0.01, 'hidden_layer_sizes': (2, 6, 1), 'max_iter': 500, 'solver': 'adam'};11;11.697294184952812;3.420130726295826;2.443847738624747;2.085277200780729;1.04;76.67545962333679;MLP;IBM Stock prices
IBM;{'activation': 'identity', 'alpha': 0.01, 'hidden_layer_sizes': (4, 6, 1), 'max_iter': 500, 'solver': 'adam'};12;10.404216479268818;3.225556770430311;2.162219348485408;1.8739753301597668;0.94;58.25214958190918;MLP;IBM Stock prices
sunspot;{'activation': 'relu', 'alpha': 0.001, 'hidden_layer_sizes': (4, 6, 1), 'max_iter': 500, 'solver': 'adam'};1;362714.4474073092;602.2577914874238;512.3202850861192;95.03598814735584;91.4;85.21172618865967;MLP;Sunspot Numbers
sunspot;{'activation': 'identity', 'alpha': 0.0001, 'hidden_layer_sizes': (6, 12, 1), 'max_iter': 500, 'solver': 'adam'};2;6869.391492407489;82.88179228520272;33.470482597623004;9.152552958759047;4.61;51.81887125968933;MLP;Sunspot Numbers
sunspot;{'activation': 'identity', 'alpha': 0.0001, 'hidden_layer_sizes': (6, 18, 1), 'max_iter': 500, 'solver': 'adam'};3;7236.487782379757;85.06754835058877;35.50293874242925;9.41457200821746;4.71;54.67339658737183;MLP;Sunspot Numbers
sunspot;{'activation': 'identity', 'alpha': 0.0001, 'hidden_layer_sizes': (6, 12, 1), 'max_iter': 500, 'solver': 'adam'};4;7311.930832078392;85.50982886240851;38.605440734101165;9.548429614101703;4.84;49.415143966674805;MLP;Sunspot Numbers
sunspot;{'activation': 'identity', 'alpha': 0.0001, 'hidden_layer_sizes': (2, 6, 1), 'max_iter': 500, 'solver': 'adam'};5;7416.320731795619;86.11806274989945;38.91541938255551;9.618579170606644;4.85;51.05580711364746;MLP;Sunspot Numbers
sunspot;{'activation': 'identity', 'alpha': 0.001, 'hidden_layer_sizes': (2, 6, 1), 'max_iter': 500, 'solver': 'adam'};6;7168.265722146456;84.66561121344637;39.46094382092829;9.489607197430011;4.74;51.79815864562988;MLP;Sunspot Numbers
sunspot;{'activation': 'identity', 'alpha': 0.0001, 'hidden_layer_sizes': (6, 12, 1), 'max_iter': 500, 'solver': 'adam'};7;6539.927945429643;80.86982098057126;33.6805229705985;8.911269449642639;4.45;53.58827877044678;MLP;Sunspot Numbers
sunspot;{'activation': 'relu', 'alpha': 0.0001, 'hidden_layer_sizes': (6, 12, 1), 'max_iter': 500, 'solver': 'adam'};8;7965.839428065274;89.25155140424884;35.27062909905999;9.91788307727851;4.75;66.59187293052673;MLP;Sunspot Numbers
sunspot;{'activation': 'relu', 'alpha': 0.0001, 'hidden_layer_sizes': (6, 12, 1), 'max_iter': 500, 'solver': 'adam'};9;5281.444029814269;72.67354422218769;33.079369400799465;8.155473062303479;4.04;67.57135701179504;MLP;Sunspot Numbers
sunspot;{'activation': 'relu', 'alpha': 0.0001, 'hidden_layer_sizes': (6, 12, 1), 'max_iter': 500, 'solver': 'adam'};10;4594.964530974601;67.78616769647478;29.67938964232781;7.624333783976677;3.83;68.30506825447083;MLP;Sunspot Numbers
sunspot;{'activation': 'identity', 'alpha': 0.0001, 'hidden_layer_sizes': (2, 6, 1), 'max_iter': 500, 'solver': 'adam'};11;5073.703418432242;71.22993344396892;31.09244887515979;8.144757729363015;4.15;81.36348795890808;MLP;Sunspot Numbers
sunspot;{'activation': 'relu', 'alpha': 0.01, 'hidden_layer_sizes': (6, 18, 1), 'max_iter': 500, 'solver': 'adam'};12;4459.499553219212;66.77948452346133;27.04575596342852;7.331885982797851;3.66;92.76598811149596;MLP;Sunspot Numbers
TSLA;{'activation': 'identity', 'alpha': 0.01, 'hidden_layer_sizes': (2, 6, 1), 'max_iter': 500, 'solver': 'adam'};1;70.62676696588599;8.40397328445813;6.360798205881338;3.212440989953324;1.61;55.0226309299469;MLP;TSLA Stock prices
TSLA;{'activation': 'identity', 'alpha': 0.01, 'hidden_layer_sizes': (2, 6, 1), 'max_iter': 500, 'solver': 'adam'};2;73.8488638562222;8.59353616715623;6.195806556652585;3.27521702680976;1.64;42.44075965881348;MLP;TSLA Stock prices
TSLA;{'activation': 'relu', 'alpha': 0.01, 'hidden_layer_sizes': (2, 6, 1), 'max_iter': 500, 'solver': 'adam'};3;91.1721293755143;9.54840978255093;6.787225705970343;3.631919149333077;1.81;64.05719256401062;MLP;TSLA Stock prices
TSLA;{'activation': 'relu', 'alpha': 0.01, 'hidden_layer_sizes': (2, 6, 1), 'max_iter': 500, 'solver': 'adam'};4;125.69843066831152;11.211531147363928;8.005687496930989;4.290573282907041;2.14;23.438716650009155;MLP;TSLA Stock prices
TSLA;{'activation': 'relu', 'alpha': 0.01, 'hidden_layer_sizes': (6, 18, 1), 'max_iter': 500, 'solver': 'adam'};5;114.71062308710808;10.71030452821525;7.831660576277898;4.0525477774314815;2.02;25.76492977142334;MLP;TSLA Stock prices
TSLA;{'activation': 'identity', 'alpha': 0.0001, 'hidden_layer_sizes': (2, 6, 1), 'max_iter': 500, 'solver': 'adam'};6;91.998647357534;9.591592535003455;6.920095645974328;3.6526760852754463;1.82;37.683764696121216;MLP;TSLA Stock prices
TSLA;{'activation': 'identity', 'alpha': 0.0001, 'hidden_layer_sizes': (6, 12, 1), 'max_iter': 500, 'solver': 'adam'};7;106.86243738736658;10.337428954404794;7.315692793696016;3.891080244555771;1.92;32.792667865753174;MLP;TSLA Stock prices
TSLA;{'activation': 'relu', 'alpha': 0.01, 'hidden_layer_sizes': (4, 6, 1), 'max_iter': 500, 'solver': 'adam'};8;138.04943134550666;11.749443873882145;8.422089561288288;4.515990741971374;2.24;40.184664249420166;MLP;TSLA Stock prices
TSLA;{'activation': 'relu', 'alpha': 0.0001, 'hidden_layer_sizes': (6, 12, 1), 'max_iter': 500, 'solver': 'adam'};9;98.66746532788476;9.93314981905965;6.708604787729172;3.773426955478344;1.89;39.35503220558167;MLP;TSLA Stock prices
TSLA;{'activation': 'identity', 'alpha': 0.01, 'hidden_layer_sizes': (6, 18, 1), 'max_iter': 500, 'solver': 'adam'};10;124.65218874420516;11.164774460068829;8.027501878957509;4.245953693169426;2.13;57.47376227378845;MLP;TSLA Stock prices
TSLA;{'activation': 'identity', 'alpha': 0.01, 'hidden_layer_sizes': (2, 6, 1), 'max_iter': 500, 'solver': 'adam'};11;129.87808903284647;11.396406847460584;7.878386340657485;4.277507434821364;2.13;51.183390378952026;MLP;TSLA Stock prices
TSLA;{'activation': 'identity', 'alpha': 0.01, 'hidden_layer_sizes': (4, 6, 1), 'max_iter': 500, 'solver': 'adam'};12;151.90902500920987;12.32513793063631;8.218863029269457;4.621114218426463;2.3;48.291144609451294;MLP;TSLA Stock prices
c.lynx;{'C': 12550, 'epsilon': 0.0001, 'gamma': 1e-05, 'kernel': 'rbf'};1;2518400.557963053;1586.9469297878404;625.5845624242525;120.55838673168084;29.13;29.529592990875244;SVR;Canadian Lynx
c.lynx;{'C': 12550, 'epsilon': 0.1, 'gamma': 1e-08, 'kernel': 'rbf'};2;639219.6785151914;799.5121503236779;476.0247939558194;80.98749987504651;22.53;1.2035036087036133;SVR;Canadian Lynx
c.lynx;{'C': 12550, 'epsilon': 0.0001, 'gamma': 1e-08, 'kernel': 'rbf'};3;616059.0459098592;784.8942896402415;406.8512560462013;79.36534010542911;24.13;0.9286584854125975;SVR;Canadian Lynx
c.lynx;{'C': 12550, 'epsilon': 0.0001, 'gamma': 1e-07, 'kernel': 'rbf'};4;629685.1640984992;793.5270405591099;232.01536267640165;56.26953227086717;22.36;0.7125344276428223;SVR;Canadian Lynx
c.lynx;{'C': 12550, 'epsilon': 0.1, 'gamma': 1e-08, 'kernel': 'rbf'};5;576528.6199609194;759.2948175517329;393.1825886234556;97.28817632926442;30.31;0.8168356418609619;SVR;Canadian Lynx
c.lynx;{'C': 12550, 'epsilon': 0.1, 'gamma': 1e-08, 'kernel': 'rbf'};6;568688.0288824802;754.1140688798215;363.4116776408764;77.61999609086675;29.29;0.8418071269989014;SVR;Canadian Lynx
c.lynx;{'C': 12550, 'epsilon': 0.0001, 'gamma': 1e-07, 'kernel': 'rbf'};7;825997.6200071902;908.8441120495804;515.3196603534321;114.46267846233376;33.02;0.7331738471984863;SVR;Canadian Lynx
c.lynx;{'C': 12550, 'epsilon': 0.0001, 'gamma': 1e-08, 'kernel': 'rbf'};8;549384.6626770089;741.2048722701496;339.1571724776363;78.9955976054279;31.21;0.6903131008148193;SVR;Canadian Lynx
c.lynx;{'C': 12550, 'epsilon': 0.0001, 'gamma': 1e-07, 'kernel': 'rbf'};9;1236136.0973614135;1111.8165754122456;703.7499917572811;242.1715828284818;38.84;0.6286771297454834;SVR;Canadian Lynx
c.lynx;{'C': 12550, 'epsilon': 0.0001, 'gamma': 1e-08, 'kernel': 'rbf'};10;536799.1305776215;732.6657700327083;252.61457357922157;56.65705106987951;32.08;0.6401553153991699;SVR;Canadian Lynx
c.lynx;{'C': 12550, 'epsilon': 0.0001, 'gamma': 1e-08, 'kernel': 'rbf'};11;611168.0547431485;781.7723803916;268.7614324236879;58.92083493003375;33.38;0.6707601547241211;SVR;Canadian Lynx
c.lynx;{'C': 12550, 'epsilon': 0.1, 'gamma': 1e-08, 'kernel': 'rbf'};12;641315.2299439554;800.8215968266312;265.5970080366327;60.31721383113291;32.61;0.843402624130249;SVR;Canadian Lynx
IBM;{'C': 12550, 'epsilon': 0.1, 'gamma': 1e-05, 'kernel': 'rbf'};1;49.94503440358657;7.067180088520921;5.304262107061391;4.441026602064264;2.15;11.146066427230837;SVR;IBM Stock prices
IBM;{'C': 12550, 'epsilon': 0.1, 'gamma': 1e-05, 'kernel': 'rbf'};2;227.60749679187165;15.086666192100614;15.189831569530725;11.117801290456528;5.9;6.15429425239563;SVR;IBM Stock prices
IBM;{'C': 1255555, 'epsilon': 0.01, 'gamma': 1e-08, 'kernel': 'rbf'};3;5.955702061602979;2.4404307123135003;1.921398679220374;1.5279990181814906;0.77;4.1769092082977295;SVR;IBM Stock prices
IBM;{'C': 12550, 'epsilon': 0.1, 'gamma': 1e-06, 'kernel': 'rbf'};4;12.213305304974211;3.4947539691620944;3.1594889065181637;2.3172750726785183;1.18;5.915335893630981;SVR;IBM Stock prices
IBM;{'C': 1255555, 'epsilon': 0.0001, 'gamma': 1e-08, 'kernel': 'rbf'};5;4.017502865474156;2.004370940089223;1.3750312048200612;1.1740497138617223;0.59;6.042489767074585;SVR;IBM Stock prices
IBM;{'C': 12550, 'epsilon': 0.1, 'gamma': 1e-06, 'kernel': 'rbf'};6;21.041069358714296;4.58705454063;4.327589332282855;3.136983747409135;1.6;5.135491132736206;SVR;IBM Stock prices
IBM;{'C': 125550, 'epsilon': 0.0001, 'gamma': 1e-07, 'kernel': 'rbf'};7;6.409666606912339;2.531731938202056;1.9392031372410656;1.5350193775516;0.77;5.66374135017395;SVR;IBM Stock prices
IBM;{'C': 12550, 'epsilon': 0.001, 'gamma': 1e-06, 'kernel': 'rbf'};8;34.74968705581083;5.894886517636351;5.623950101437799;4.058387691645208;2.08;7.860079526901245;SVR;IBM Stock prices
IBM;{'C': 12550, 'epsilon': 0.1, 'gamma': 1e-06, 'kernel': 'rbf'};9;17.175146729371043;4.144290859649096;3.878999282031373;2.826035406586156;1.44;9.666503429412842;SVR;IBM Stock prices
IBM;{'C': 12550, 'epsilon': 0.0001, 'gamma': 1e-06, 'kernel': 'rbf'};10;16.202100950141855;4.025183343667945;3.709675002190579;2.6151364061578546;1.33;7.818742036819458;SVR;IBM Stock prices
IBM;{'C': 125550, 'epsilon': 0.0001, 'gamma': 1e-07, 'kernel': 'rbf'};11;12.54560695744536;3.541977831303488;2.7881143574704765;2.13300615268845;1.08;4.717573642730713;SVR;IBM Stock prices
IBM;{'C': 125550, 'epsilon': 0.1, 'gamma': 1e-07, 'kernel': 'rbf'};12;11.066817747408756;3.326682694127704;2.561349558767688;2.004356989626636;1.01;5.169879913330078;SVR;IBM Stock prices
sunspot;{'C': 12550, 'epsilon': 0.0001, 'gamma': 1e-05, 'kernel': 'rbf'};1;137160.14414665214;370.35137929627336;165.40125638680337;44.87842921208547;31.21;18.965964794158936;SVR;Sunspot Numbers
sunspot;{'C': 12550, 'epsilon': 0.0001, 'gamma': 1e-05, 'kernel': 'rbf'};2;79421.63602260328;281.8184451426189;93.53888803462792;47.11080569894908;35.65;10.21881914138794;SVR;Sunspot Numbers
sunspot;{'C': 12550, 'epsilon': 0.001, 'gamma': 1e-05, 'kernel': 'rbf'};3;58095.5404593106;241.03016504020945;76.85796953743005;52.6396028901116;33.23;10.091257810592651;SVR;Sunspot Numbers
sunspot;{'C': 12550, 'epsilon': 0.001, 'gamma': 1e-05, 'kernel': 'rbf'};4;137295.6385415284;370.53426095508144;209.5660110350478;39.83142422793481;26.24;9.742106437683104;SVR;Sunspot Numbers
sunspot;{'C': 12550, 'epsilon': 0.01, 'gamma': 1e-05, 'kernel': 'rbf'};5;97794.7672913984;312.72154913180896;135.1880677027141;29.748781617644436;18.47;9.552664279937744;SVR;Sunspot Numbers
sunspot;{'C': 12550, 'epsilon': 0.01, 'gamma': 1e-06, 'kernel': 'rbf'};6;213151.48975618664;461.6833219385195;321.1395904643151;62.16134927450496;46.46;10.13966155052185;SVR;Sunspot Numbers
sunspot;{'C': 12550, 'epsilon': 0.01, 'gamma': 1e-06, 'kernel': 'rbf'};7;170253.05272193102;412.6173199490431;230.06802463226904;40.89004331675444;29.01;9.880233764648438;SVR;Sunspot Numbers
sunspot;{'C': 12550, 'epsilon': 0.01, 'gamma': 1e-06, 'kernel': 'rbf'};8;179307.04303737328;423.4466235989765;256.79822350515167;44.97512116367527;32.24;8.608947992324829;SVR;Sunspot Numbers
sunspot;{'C': 12550, 'epsilon': 0.0001, 'gamma': 1e-06, 'kernel': 'rbf'};9;125880.8533443288;354.7969184538231;149.364359418952;31.260514294929543;20.82;8.337357521057129;SVR;Sunspot Numbers
sunspot;{'C': 12550, 'epsilon': 0.0001, 'gamma': 1e-06, 'kernel': 'rbf'};10;132329.47347087006;363.77118284832574;171.58613875368457;33.53744311452316;22.55;8.275168895721436;SVR;Sunspot Numbers
sunspot;{'C': 12550, 'epsilon': 0.01, 'gamma': 1e-05, 'kernel': 'rbf'};11;57529.93045626479;239.853977361779;69.04928979916917;22.44438603541619;11.29;7.721556186676025;SVR;Sunspot Numbers
sunspot;{'C': 12550, 'epsilon': 0.0001, 'gamma': 1e-05, 'kernel': 'rbf'};12;61440.87331164216;247.872695776768;70.81881708645085;28.064709963783763;14.08;6.693147420883179;SVR;Sunspot Numbers
TSLA;{'C': 125550, 'epsilon': 0.1, 'gamma': 1e-08, 'kernel': 'rbf'};1;75.34685377150352;8.680256549866687;5.956141287810169;3.297714763044822;1.66;12.063365936279297;SVR;TSLA Stock prices
TSLA;{'C': 125550, 'epsilon': 0.0001, 'gamma': 1e-07, 'kernel': 'rbf'};2;331.566536043036;18.208968560658125;13.744025767447964;7.961507107571545;4.26;4.713639736175537;SVR;TSLA Stock prices
TSLA;{'C': 125550, 'epsilon': 0.1, 'gamma': 1e-07, 'kernel': 'rbf'};3;276.6435785633993;16.632605886132193;12.639783302111027;6.820513862677068;3.53;4.490786790847778;SVR;TSLA Stock prices
TSLA;{'C': 125550, 'epsilon': 0.1, 'gamma': 1e-08, 'kernel': 'rbf'};4;106.05777050786068;10.298435342704282;7.530959381457251;4.010513528985517;2.06;4.919248580932617;SVR;TSLA Stock prices
TSLA;{'C': 12550, 'epsilon': 0.0001, 'gamma': 1e-07, 'kernel': 'rbf'};5;207.4340364777501;14.402570481610224;10.711658492510765;6.069876974116082;3.17;4.45860767364502;SVR;TSLA Stock prices
TSLA;{'C': 125550, 'epsilon': 0.001, 'gamma': 1e-08, 'kernel': 'rbf'};6;157.08211641147875;12.53324045933368;8.78858522319615;5.150134354846342;2.68;4.193557500839233;SVR;TSLA Stock prices
TSLA;{'C': 125550, 'epsilon': 0.001, 'gamma': 1e-08, 'kernel': 'rbf'};7;363.0791270733935;19.054635317250067;16.38501230316251;8.34908485498573;4.46;4.299112796783447;SVR;TSLA Stock prices
TSLA;{'C': 125550, 'epsilon': 0.01, 'gamma': 1e-08, 'kernel': 'rbf'};8;105.54340388468324;10.273431942865209;7.124938973388908;3.8105430375718576;1.95;4.412063360214233;SVR;TSLA Stock prices
TSLA;{'C': 125550, 'epsilon': 0.1, 'gamma': 1e-08, 'kernel': 'rbf'};9;104.20496331332932;10.208083234051792;6.977773471516684;3.6933552824690894;1.89;4.382293701171875;SVR;TSLA Stock prices
TSLA;{'C': 12550, 'epsilon': 0.0001, 'gamma': 1e-07, 'kernel': 'rbf'};10;239.6647537590224;15.48110957777324;11.193129069751194;6.121413712573677;3.13;3.991619348526001;SVR;TSLA Stock prices
TSLA;{'C': 12550, 'epsilon': 0.001, 'gamma': 1e-07, 'kernel': 'rbf'};11;97.87609731467948;9.89323492669003;6.987406013753571;3.7161998939796015;1.89;4.125546455383301;SVR;TSLA Stock prices
TSLA;{'C': 125550, 'epsilon': 0.0001, 'gamma': 1e-08, 'kernel': 'rbf'};12;888.6258937829549;29.8098288117016;23.59417494585523;13.298051415799948;7.56;4.21262526512146;SVR;TSLA Stock prices
